_element_key,_element_name,_element_type,_list_child_element_keys
IMGTYPE101010051,IMGTYPE101010051,string,[]
IMGTYPE101040031,IMGTYPE101040031,string,[]
IMGTYPE101040041,IMGTYPE101040041,string,[]
IMGTYPE101040051,IMGTYPE101040051,string,[]
IMGTYPE101040071,IMGTYPE101040071,string,[]
IMGTYPE101040111,IMGTYPE101040111,string,[]
IMGTYPE101070051,IMGTYPE101070051,string,[]
IMGTYPE101130031,IMGTYPE101130031,string,[]
IMGTYPE101140031,IMGTYPE101140031,string,[]
IMGTYPE101140051,IMGTYPE101140051,string,[]
IMGTYPE101140101,IMGTYPE101140101,string,[]
IMGTYPE101140111,IMGTYPE101140111,string,[]
IMGTYPE101140181,IMGTYPE101140181,string,[]
IMGTYPE101150061,IMGTYPE101150061,string,[]
IMGTYPE101150071,IMGTYPE101150071,string,[]
IMGTYPE101160011,IMGTYPE101160011,string,[]
IMGTYPE101180021,IMGTYPE101180021,string,[]
IMGTYPE101250021,IMGTYPE101250021,string,[]
IMGTYPE101270061,IMGTYPE101270061,string,[]
IMGTYPE101310041,IMGTYPE101310041,string,[]
IMGTYPE101320021,IMGTYPE101320021,string,[]
IMGTYPE101360101,IMGTYPE101360101,string,[]
IMGTYPE101360131,IMGTYPE101360131,string,[]
IMGTYPE101370011,IMGTYPE101370011,string,[]
IMGTYPE101370071,IMGTYPE101370071,string,[]
IMGTYPE101370121,IMGTYPE101370121,string,[]
IMGTYPE101380081,IMGTYPE101380081,string,[]
IMGTYPE101380121,IMGTYPE101380121,string,[]
IMGTYPE101380191,IMGTYPE101380191,string,[]
IMGTYPE101450071,IMGTYPE101450071,string,[]
IMGTYPE101450072,IMGTYPE101450072,string,[]
IMGTYPE101460041,IMGTYPE101460041,string,[]
IMGTYPE101470081,IMGTYPE101470081,string,[]
IMGTYPE102120071,IMGTYPE102120071,string,[]
IMGTYPE102500051,IMGTYPE102500051,string,[]
IMGTYPE102570021,IMGTYPE102570021,string,[]
IMGTYPE102570111,IMGTYPE102570111,string,[]
IMGTYPE102710031,IMGTYPE102710031,string,[]
IMGTYPE102710041,IMGTYPE102710041,string,[]
IMGTYPE102710042,IMGTYPE102710042,string,[]
IMGTYPE102710071,IMGTYPE102710071,string,[]
IMGTYPE102710091,IMGTYPE102710091,string,[]
IMGTYPE102710101,IMGTYPE102710101,string,[]
IMGTYPE102820011,IMGTYPE102820011,string,[]
IMGTYPE102820031,IMGTYPE102820031,string,[]
IMGTYPE102820161,IMGTYPE102820161,string,[]
IMGTYPE103040011,IMGTYPE103040011,string,[]
IMGTYPE103040021,IMGTYPE103040021,string,[]
IMGTYPE103080081,IMGTYPE103080081,string,[]
IMGTYPE103160031,IMGTYPE103160031,string,[]
IMGTYPE103160051,IMGTYPE103160051,string,[]
IMGTYPE103160071,IMGTYPE103160071,string,[]
IMGTYPE103180011,IMGTYPE103180011,string,[]
IMGTYPE103200081,IMGTYPE103200081,string,[]
IMGTYPE103200131,IMGTYPE103200131,string,[]
IMGTYPE103200141,IMGTYPE103200141,string,[]
IMGTYPE103200181,IMGTYPE103200181,string,[]
IMGTYPE104020011,IMGTYPE104020011,string,[]
IMGTYPE104020041,IMGTYPE104020041,string,[]
IMGTYPE104020101,IMGTYPE104020101,string,[]
IMGTYPE104020171,IMGTYPE104020171,string,[]
IMGTYPE104020191,IMGTYPE104020191,string,[]
IMGTYPE104020211,IMGTYPE104020211,string,[]
IMGTYPE104020221,IMGTYPE104020221,string,[]
IMGTYPE104240011,IMGTYPE104240011,string,[]
IMGTYPE105120011,IMGTYPE105120011,string,[]
IMGTYPE105120041,IMGTYPE105120041,string,[]
IMGTYPE105120091,IMGTYPE105120091,string,[]
IMGTYPE105120101,IMGTYPE105120101,string,[]
IMGTYPE105120151,IMGTYPE105120151,string,[]
IMGTYPE105120171,IMGTYPE105120171,string,[]
IMGTYPE105120201,IMGTYPE105120201,string,[]
IMGTYPE105120241,IMGTYPE105120241,string,[]
IMGTYPE105120271,IMGTYPE105120271,string,[]
IMGTYPE105120291,IMGTYPE105120291,string,[]
IMGTYPE105120292,IMGTYPE105120292,string,[]
IMGTYPE105120301,IMGTYPE105120301,string,[]
IMGTYPE105120311,IMGTYPE105120311,string,[]
IMGTYPE105120331,IMGTYPE105120331,string,[]
IMGTYPE105120352,IMGTYPE105120352,string,[]
IMGTYPE105120361,IMGTYPE105120361,string,[]
IMGTYPE105150013,IMGTYPE105150013,string,[]
IMGTYPE105190081,IMGTYPE105190081,string,[]
IMGTYPE105190091,IMGTYPE105190091,string,[]
IMGTYPE105190121,IMGTYPE105190121,string,[]
IMGTYPE105260011,IMGTYPE105260011,string,[]
IMGTYPE105260031,IMGTYPE105260031,string,[]
IMGTYPE105260101,IMGTYPE105260101,string,[]
IMGTYPE105300021,IMGTYPE105300021,string,[]
IMGTYPE105300041,IMGTYPE105300041,string,[]
IMGTYPE105300081,IMGTYPE105300081,string,[]
IMGTYPE105300091,IMGTYPE105300091,string,[]
IMGTYPE105300111,IMGTYPE105300111,string,[]
IMGTYPE105300121,IMGTYPE105300121,string,[]
IMGTYPE105300131,IMGTYPE105300131,string,[]
IMGTYPE105300191,IMGTYPE105300191,string,[]
IMGTYPE105300201,IMGTYPE105300201,string,[]
IMGTYPE105300211,IMGTYPE105300211,string,[]
IMGTYPE105300221,IMGTYPE105300221,string,[]
IMGTYPE105300241,IMGTYPE105300241,string,[]
IMGTYPE105300251,IMGTYPE105300251,string,[]
IMGTYPE105300261,IMGTYPE105300261,string,[]
IMGTYPE105300291,IMGTYPE105300291,string,[]
IMGTYPE105300301,IMGTYPE105300301,string,[]
IMGTYPE105300311,IMGTYPE105300311,string,[]
IMGTYPE105300321,IMGTYPE105300321,string,[]
IMGTYPE105300331,IMGTYPE105300331,string,[]
IMGTYPE105300341,IMGTYPE105300341,string,[]
IMGTYPE105300351,IMGTYPE105300351,string,[]
IMGTYPE105300361,IMGTYPE105300361,string,[]
IMGTYPE105300371,IMGTYPE105300371,string,[]
IMGTYPE105300381,IMGTYPE105300381,string,[]
IMGTYPE105300391,IMGTYPE105300391,string,[]
IMGTYPE105300401,IMGTYPE105300401,string,[]
IMGTYPE105300411,IMGTYPE105300411,string,[]
IMGTYPE105300421,IMGTYPE105300421,string,[]
IMGTYPE105300441,IMGTYPE105300441,string,[]
IMGTYPE105300451,IMGTYPE105300451,string,[]
IMGTYPE105300471,IMGTYPE105300471,string,[]
IMGTYPE105300481,IMGTYPE105300481,string,[]
IMGTYPE105300501,IMGTYPE105300501,string,[]
IMGTYPE105300511,IMGTYPE105300511,string,[]
IMGTYPE105300521,IMGTYPE105300521,string,[]
IMGTYPE105300531,IMGTYPE105300531,string,[]
IMGTYPE105300541,IMGTYPE105300541,string,[]
IMGTYPE105300551,IMGTYPE105300551,string,[]
IMGTYPE105300571,IMGTYPE105300571,string,[]
IMGTYPE105300581,IMGTYPE105300581,string,[]
IMGTYPE105300591,IMGTYPE105300591,string,[]
IMGTYPE105300611,IMGTYPE105300611,string,[]
IMGTYPE105300621,IMGTYPE105300621,string,[]
IMGTYPE105300631,IMGTYPE105300631,string,[]
IMGTYPE105300651,IMGTYPE105300651,string,[]
IMGTYPE105300661,IMGTYPE105300661,string,[]
IMGTYPE105300671,IMGTYPE105300671,string,[]
IMGTYPE105300691,IMGTYPE105300691,string,[]
IMGTYPE105300721,IMGTYPE105300721,string,[]
IMGTYPE105620051,IMGTYPE105620051,string,[]
IMGTYPE105620052,IMGTYPE105620052,string,[]
IMGTYPE106220041,IMGTYPE106220041,string,[]
IMGTYPE106220061,IMGTYPE106220061,string,[]
IMGTYPE106480021,IMGTYPE106480021,string,[]
IMGTYPE106480071,IMGTYPE106480071,string,[]
IMGTYPE106610011,IMGTYPE106610011,string,[]
IMGTYPE108020081,IMGTYPE108020081,string,[]
IMGTYPE108020091,IMGTYPE108020091,string,[]
IMGTYPE108020141,IMGTYPE108020141,string,[]
IMGTYPE108230121,IMGTYPE108230121,string,[]
IMGTYPE108230141,IMGTYPE108230141,string,[]
IMGTYPE108230171,IMGTYPE108230171,string,[]
IMGTYPE108260041,IMGTYPE108260041,string,[]
IMGTYPE108340021,IMGTYPE108340021,string,[]
IMGTYPE108400031,IMGTYPE108400031,string,[]
IMGTYPE109430361,IMGTYPE109430361,string,[]
IMGTYPE110050031,IMGTYPE110050031,string,[]
IMGTYPE110050041,IMGTYPE110050041,string,[]
IMGTYPE110050051,IMGTYPE110050051,string,[]
IMGTYPE110080151,IMGTYPE110080151,string,[]
IMGTYPE110080261,IMGTYPE110080261,string,[]
IMGTYPE110080301,IMGTYPE110080301,string,[]
IMGTYPE110080321,IMGTYPE110080321,string,[]
IMGTYPE110080361,IMGTYPE110080361,string,[]
IMGTYPE110080371,IMGTYPE110080371,string,[]
IMGTYPE201020251,IMGTYPE201020251,string,[]
IMGTYPE201050061,IMGTYPE201050061,string,[]
IMGTYPE201060161,IMGTYPE201060161,string,[]
IMGTYPE201110021,IMGTYPE201110021,string,[]
IMGTYPE202030111,IMGTYPE202030111,string,[]
IMGTYPE202060091,IMGTYPE202060091,string,[]
IMGTYPE202060111,IMGTYPE202060111,string,[]
IMGTYPE202060211,IMGTYPE202060211,string,[]
IMGTYPE202060221,IMGTYPE202060221,string,[]
IMGTYPE202060241,IMGTYPE202060241,string,[]
IMGTYPE202060331,IMGTYPE202060331,string,[]
IMGTYPE202060431,IMGTYPE202060431,string,[]
IMGTYPE202060501,IMGTYPE202060501,string,[]
IMGTYPE202060511,IMGTYPE202060511,string,[]
IMGTYPE202060521,IMGTYPE202060521,string,[]
IMGTYPE202060531,IMGTYPE202060531,string,[]
IMGTYPE202060541,IMGTYPE202060541,string,[]
IMGTYPE202060601,IMGTYPE202060601,string,[]
IMGTYPE202060611,IMGTYPE202060611,string,[]
IMGTYPE202060691,IMGTYPE202060691,string,[]
IMGTYPE202060721,IMGTYPE202060721,string,[]
IMGTYPE202060741,IMGTYPE202060741,string,[]
IMGTYPE202060791,IMGTYPE202060791,string,[]
IMGTYPE202060861,IMGTYPE202060861,string,[]
IMGTYPE202120171,IMGTYPE202120171,string,[]
IMGTYPE202150111,IMGTYPE202150111,string,[]
IMGTYPE202150131,IMGTYPE202150131,string,[]
IMGTYPE202170071,IMGTYPE202170071,string,[]
IMGTYPE203010061,IMGTYPE203010061,string,[]
IMGTYPE203010091,IMGTYPE203010091,string,[]
IMGTYPE203040131,IMGTYPE203040131,string,[]
IMGTYPE203040301,IMGTYPE203040301,string,[]
IMGTYPE203040371,IMGTYPE203040371,string,[]
IMGTYPE203040411,IMGTYPE203040411,string,[]
IMGTYPE203040431,IMGTYPE203040431,string,[]
IMGTYPE203040461,IMGTYPE203040461,string,[]
IMGTYPE203040501,IMGTYPE203040501,string,[]
IMGTYPE203040631,IMGTYPE203040631,string,[]
IMGTYPE203050071,IMGTYPE203050071,string,[]
IMGTYPE203050161,IMGTYPE203050161,string,[]
IMGTYPE203050171,IMGTYPE203050171,string,[]
IMGTYPE203050231,IMGTYPE203050231,string,[]
IMGTYPE203050241,IMGTYPE203050241,string,[]
IMGTYPE203050251,IMGTYPE203050251,string,[]
IMGTYPE204030191,IMGTYPE204030191,string,[]
IMGTYPE204030201,IMGTYPE204030201,string,[]
IMGTYPE204110061,IMGTYPE204110061,string,[]
IMGTYPE204130071,IMGTYPE204130071,string,[]
IMGTYPE204130081,IMGTYPE204130081,string,[]
IMGTYPE204140141,IMGTYPE204140141,string,[]
IMGTYPE204140151,IMGTYPE204140151,string,[]
IMGTYPE204150102,IMGTYPE204150102,string,[]
IMGTYPE204170041,IMGTYPE204170041,string,[]
IMGTYPE204190101,IMGTYPE204190101,string,[]
IMGTYPE204190151,IMGTYPE204190151,string,[]
IMGTYPE204200081,IMGTYPE204200081,string,[]
IMGTYPE204200111,IMGTYPE204200111,string,[]
IMGTYPE204210031,IMGTYPE204210031,string,[]
IMGTYPE204230071,IMGTYPE204230071,string,[]
IMGTYPE205050101,IMGTYPE205050101,string,[]
IMGTYPE205050111,IMGTYPE205050111,string,[]
IMGTYPE205050181,IMGTYPE205050181,string,[]
IMGTYPE206070071,IMGTYPE206070071,string,[]
IMGTYPE206070141,IMGTYPE206070141,string,[]
IMGTYPE206080041,IMGTYPE206080041,string,[]
IMGTYPE206080221,IMGTYPE206080221,string,[]
IMGTYPE206150071,IMGTYPE206150071,string,[]
IMGTYPE206210011,IMGTYPE206210011,string,[]
IMGTYPE206210071,IMGTYPE206210071,string,[]
IMGTYPE207020041,IMGTYPE207020041,string,[]
IMGTYPE207020101,IMGTYPE207020101,string,[]
IMGTYPE207020251,IMGTYPE207020251,string,[]
IMGTYPE207020281,IMGTYPE207020281,string,[]
IMGTYPE207020371,IMGTYPE207020371,string,[]
IMGTYPE207020381,IMGTYPE207020381,string,[]
IMGTYPE207020382,IMGTYPE207020382,string,[]
IMGTYPE207020411,IMGTYPE207020411,string,[]
IMGTYPE207020441,IMGTYPE207020441,string,[]
IMGTYPE207020521,IMGTYPE207020521,string,[]
IMGTYPE207020531,IMGTYPE207020531,string,[]
IMGTYPE207020541,IMGTYPE207020541,string,[]
IMGTYPE207040031,IMGTYPE207040031,string,[]
IMGTYPE207040341,IMGTYPE207040341,string,[]
IMGTYPE207050021,IMGTYPE207050021,string,[]
IMGTYPE207070011,IMGTYPE207070011,string,[]
IMGTYPE207070061,IMGTYPE207070061,string,[]
IMGTYPE207070151,IMGTYPE207070151,string,[]
IMGTYPE207070211,IMGTYPE207070211,string,[]
IMGTYPE207090141,IMGTYPE207090141,string,[]
IMGTYPE207090161,IMGTYPE207090161,string,[]
IMGTYPE207090331,IMGTYPE207090331,string,[]
IMGTYPE207090332,IMGTYPE207090332,string,[]
IMGTYPE207140151,IMGTYPE207140151,string,[]
IMGTYPE207140191,IMGTYPE207140191,string,[]
IMGTYPE207180041,IMGTYPE207180041,string,[]
IMGTYPE207250121,IMGTYPE207250121,string,[]
IMGTYPE208160021,IMGTYPE208160021,string,[]
IMGTYPE208160031,IMGTYPE208160031,string,[]
IMGTYPE208160051,IMGTYPE208160051,string,[]
IMGTYPE208160061,IMGTYPE208160061,string,[]
IMGTYPE208170031,IMGTYPE208170031,string,[]
IMGTYPE208170041,IMGTYPE208170041,string,[]
IMGTYPE208170051,IMGTYPE208170051,string,[]
IMGTYPE208170211,IMGTYPE208170211,string,[]
IMGTYPE208170261,IMGTYPE208170261,string,[]
IMGTYPE208170271,IMGTYPE208170271,string,[]
IMGTYPE208170281,IMGTYPE208170281,string,[]
IMGTYPE208170291,IMGTYPE208170291,string,[]
IMGTYPE208170301,IMGTYPE208170301,string,[]
IMGTYPE208170311,IMGTYPE208170311,string,[]
IMGTYPE208190011,IMGTYPE208190011,string,[]
IMGTYPE208190031,IMGTYPE208190031,string,[]
IMGTYPE208190041,IMGTYPE208190041,string,[]
IMGTYPE208220061,IMGTYPE208220061,string,[]
IMGTYPE301210061,IMGTYPE301210061,string,[]
IMGTYPE301210071,IMGTYPE301210071,string,[]
IMGTYPE303070021,IMGTYPE303070021,string,[]
IMGTYPE303070031,IMGTYPE303070031,string,[]
IMGTYPE303070041,IMGTYPE303070041,string,[]
IMGTYPE303080021,IMGTYPE303080021,string,[]
IMGTYPE303080031,IMGTYPE303080031,string,[]
IMGTYPE303160111,IMGTYPE303160111,string,[]
IMGTYPE303200081,IMGTYPE303200081,string,[]
IMGTYPE303210031,IMGTYPE303210031,string,[]
IMGTYPE303270031,IMGTYPE303270031,string,[]
IMGTYPE305080041,IMGTYPE305080041,string,[]
IMGTYPE305080051,IMGTYPE305080051,string,[]
IMGTYPE305090031,IMGTYPE305090031,string,[]
IMGTYPE305140051,IMGTYPE305140051,string,[]
IMGTYPE305140121,IMGTYPE305140121,string,[]
IMGTYPE305140131,IMGTYPE305140131,string,[]
IMGTYPE305140171,IMGTYPE305140171,string,[]
IMGTYPE305140181,IMGTYPE305140181,string,[]
IMGTYPE305140191,IMGTYPE305140191,string,[]
OBS101010051,OBS101010051,string,[]
OBS101040031,OBS101040031,string,[]
OBS101040041,OBS101040041,string,[]
OBS101040051,OBS101040051,string,[]
OBS101040071,OBS101040071,string,[]
OBS101040111,OBS101040111,string,[]
OBS101070051,OBS101070051,string,[]
OBS101130031,OBS101130031,string,[]
OBS101140031,OBS101140031,string,[]
OBS101140051,OBS101140051,string,[]
OBS101140101,OBS101140101,string,[]
OBS101140111,OBS101140111,string,[]
OBS101140181,OBS101140181,string,[]
OBS101150061,OBS101150061,string,[]
OBS101150071,OBS101150071,string,[]
OBS101160011,OBS101160011,string,[]
OBS101180021,OBS101180021,string,[]
OBS101250021,OBS101250021,string,[]
OBS101270061,OBS101270061,string,[]
OBS101310041,OBS101310041,string,[]
OBS101320021,OBS101320021,string,[]
OBS101360101,OBS101360101,string,[]
OBS101360131,OBS101360131,string,[]
OBS101370011,OBS101370011,string,[]
OBS101370071,OBS101370071,string,[]
OBS101370121,OBS101370121,string,[]
OBS101380081,OBS101380081,string,[]
OBS101380121,OBS101380121,string,[]
OBS101380191,OBS101380191,string,[]
OBS101450071,OBS101450071,string,[]
OBS101450072,OBS101450072,string,[]
OBS101460041,OBS101460041,string,[]
OBS101470081,OBS101470081,string,[]
OBS102120071,OBS102120071,string,[]
OBS102500051,OBS102500051,string,[]
OBS102570021,OBS102570021,string,[]
OBS102570111,OBS102570111,string,[]
OBS102710031,OBS102710031,string,[]
OBS102710041,OBS102710041,string,[]
OBS102710042,OBS102710042,string,[]
OBS102710071,OBS102710071,string,[]
OBS102710091,OBS102710091,string,[]
OBS102710101,OBS102710101,string,[]
OBS102820011,OBS102820011,string,[]
OBS102820031,OBS102820031,string,[]
OBS102820161,OBS102820161,string,[]
OBS103040011,OBS103040011,string,[]
OBS103040021,OBS103040021,string,[]
OBS103080081,OBS103080081,string,[]
OBS103160031,OBS103160031,string,[]
OBS103160051,OBS103160051,string,[]
OBS103160071,OBS103160071,string,[]
OBS103180011,OBS103180011,string,[]
OBS103200081,OBS103200081,string,[]
OBS103200131,OBS103200131,string,[]
OBS103200141,OBS103200141,string,[]
OBS103200181,OBS103200181,string,[]
OBS104020011,OBS104020011,string,[]
OBS104020041,OBS104020041,string,[]
OBS104020101,OBS104020101,string,[]
OBS104020171,OBS104020171,string,[]
OBS104020191,OBS104020191,string,[]
OBS104020211,OBS104020211,string,[]
OBS104020221,OBS104020221,string,[]
OBS104240011,OBS104240011,string,[]
OBS105120011,OBS105120011,string,[]
OBS105120041,OBS105120041,string,[]
OBS105120091,OBS105120091,string,[]
OBS105120101,OBS105120101,string,[]
OBS105120151,OBS105120151,string,[]
OBS105120171,OBS105120171,string,[]
OBS105120201,OBS105120201,string,[]
OBS105120241,OBS105120241,string,[]
OBS105120271,OBS105120271,string,[]
OBS105120291,OBS105120291,string,[]
OBS105120292,OBS105120292,string,[]
OBS105120301,OBS105120301,string,[]
OBS105120311,OBS105120311,string,[]
OBS105120331,OBS105120331,string,[]
OBS105120352,OBS105120352,string,[]
OBS105120361,OBS105120361,string,[]
OBS105150013,OBS105150013,string,[]
OBS105190081,OBS105190081,string,[]
OBS105190091,OBS105190091,string,[]
OBS105190121,OBS105190121,string,[]
OBS105260011,OBS105260011,string,[]
OBS105260031,OBS105260031,string,[]
OBS105260101,OBS105260101,string,[]
OBS105300021,OBS105300021,string,[]
OBS105300041,OBS105300041,string,[]
OBS105300081,OBS105300081,string,[]
OBS105300091,OBS105300091,string,[]
OBS105300111,OBS105300111,string,[]
OBS105300121,OBS105300121,string,[]
OBS105300131,OBS105300131,string,[]
OBS105300191,OBS105300191,string,[]
OBS105300201,OBS105300201,string,[]
OBS105300211,OBS105300211,string,[]
OBS105300221,OBS105300221,string,[]
OBS105300241,OBS105300241,string,[]
OBS105300251,OBS105300251,string,[]
OBS105300261,OBS105300261,string,[]
OBS105300291,OBS105300291,string,[]
OBS105300301,OBS105300301,string,[]
OBS105300311,OBS105300311,string,[]
OBS105300321,OBS105300321,string,[]
OBS105300331,OBS105300331,string,[]
OBS105300341,OBS105300341,string,[]
OBS105300351,OBS105300351,string,[]
OBS105300361,OBS105300361,string,[]
OBS105300371,OBS105300371,string,[]
OBS105300381,OBS105300381,string,[]
OBS105300391,OBS105300391,string,[]
OBS105300401,OBS105300401,string,[]
OBS105300411,OBS105300411,string,[]
OBS105300421,OBS105300421,string,[]
OBS105300441,OBS105300441,string,[]
OBS105300451,OBS105300451,string,[]
OBS105300471,OBS105300471,string,[]
OBS105300481,OBS105300481,string,[]
OBS105300501,OBS105300501,string,[]
OBS105300511,OBS105300511,string,[]
OBS105300521,OBS105300521,string,[]
OBS105300531,OBS105300531,string,[]
OBS105300541,OBS105300541,string,[]
OBS105300551,OBS105300551,string,[]
OBS105300571,OBS105300571,string,[]
OBS105300581,OBS105300581,string,[]
OBS105300591,OBS105300591,string,[]
OBS105300611,OBS105300611,string,[]
OBS105300621,OBS105300621,string,[]
OBS105300631,OBS105300631,string,[]
OBS105300651,OBS105300651,string,[]
OBS105300661,OBS105300661,string,[]
OBS105300671,OBS105300671,string,[]
OBS105300691,OBS105300691,string,[]
OBS105300721,OBS105300721,string,[]
OBS105620051,OBS105620051,string,[]
OBS105620052,OBS105620052,string,[]
OBS106220041,OBS106220041,string,[]
OBS106220061,OBS106220061,string,[]
OBS106480021,OBS106480021,string,[]
OBS106480071,OBS106480071,string,[]
OBS106610011,OBS106610011,string,[]
OBS108020081,OBS108020081,string,[]
OBS108020091,OBS108020091,string,[]
OBS108020141,OBS108020141,string,[]
OBS108230121,OBS108230121,string,[]
OBS108230141,OBS108230141,string,[]
OBS108230171,OBS108230171,string,[]
OBS108260041,OBS108260041,string,[]
OBS108340021,OBS108340021,string,[]
OBS108400031,OBS108400031,string,[]
OBS109430361,OBS109430361,string,[]
OBS110050031,OBS110050031,string,[]
OBS110050041,OBS110050041,string,[]
OBS110050051,OBS110050051,string,[]
OBS110080151,OBS110080151,string,[]
OBS110080261,OBS110080261,string,[]
OBS110080301,OBS110080301,string,[]
OBS110080321,OBS110080321,string,[]
OBS110080361,OBS110080361,string,[]
OBS110080371,OBS110080371,string,[]
OBS201020251,OBS201020251,string,[]
OBS201050061,OBS201050061,string,[]
OBS201060161,OBS201060161,string,[]
OBS201110021,OBS201110021,string,[]
OBS202030111,OBS202030111,string,[]
OBS202060091,OBS202060091,string,[]
OBS202060111,OBS202060111,string,[]
OBS202060211,OBS202060211,string,[]
OBS202060221,OBS202060221,string,[]
OBS202060241,OBS202060241,string,[]
OBS202060331,OBS202060331,string,[]
OBS202060431,OBS202060431,string,[]
OBS202060501,OBS202060501,string,[]
OBS202060511,OBS202060511,string,[]
OBS202060521,OBS202060521,string,[]
OBS202060531,OBS202060531,string,[]
OBS202060541,OBS202060541,string,[]
OBS202060601,OBS202060601,string,[]
OBS202060611,OBS202060611,string,[]
OBS202060691,OBS202060691,string,[]
OBS202060721,OBS202060721,string,[]
OBS202060741,OBS202060741,string,[]
OBS202060791,OBS202060791,string,[]
OBS202060861,OBS202060861,string,[]
OBS202120171,OBS202120171,string,[]
OBS202150111,OBS202150111,string,[]
OBS202150131,OBS202150131,string,[]
OBS202170071,OBS202170071,string,[]
OBS203010061,OBS203010061,string,[]
OBS203010091,OBS203010091,string,[]
OBS203040131,OBS203040131,string,[]
OBS203040301,OBS203040301,string,[]
OBS203040371,OBS203040371,string,[]
OBS203040411,OBS203040411,string,[]
OBS203040431,OBS203040431,string,[]
OBS203040461,OBS203040461,string,[]
OBS203040501,OBS203040501,string,[]
OBS203040631,OBS203040631,string,[]
OBS203050071,OBS203050071,string,[]
OBS203050161,OBS203050161,string,[]
OBS203050171,OBS203050171,string,[]
OBS203050231,OBS203050231,string,[]
OBS203050241,OBS203050241,string,[]
OBS203050251,OBS203050251,string,[]
OBS204030191,OBS204030191,string,[]
OBS204030201,OBS204030201,string,[]
OBS204110061,OBS204110061,string,[]
OBS204130071,OBS204130071,string,[]
OBS204130081,OBS204130081,string,[]
OBS204140141,OBS204140141,string,[]
OBS204140151,OBS204140151,string,[]
OBS204150102,OBS204150102,string,[]
OBS204170041,OBS204170041,string,[]
OBS204190101,OBS204190101,string,[]
OBS204190151,OBS204190151,string,[]
OBS204200081,OBS204200081,string,[]
OBS204200111,OBS204200111,string,[]
OBS204210031,OBS204210031,string,[]
OBS204230071,OBS204230071,string,[]
OBS205050101,OBS205050101,string,[]
OBS205050111,OBS205050111,string,[]
OBS205050181,OBS205050181,string,[]
OBS206070071,OBS206070071,string,[]
OBS206070141,OBS206070141,string,[]
OBS206080041,OBS206080041,string,[]
OBS206080221,OBS206080221,string,[]
OBS206150071,OBS206150071,string,[]
OBS206210011,OBS206210011,string,[]
OBS206210071,OBS206210071,string,[]
OBS207020041,OBS207020041,string,[]
OBS207020101,OBS207020101,string,[]
OBS207020251,OBS207020251,string,[]
OBS207020281,OBS207020281,string,[]
OBS207020371,OBS207020371,string,[]
OBS207020381,OBS207020381,string,[]
OBS207020382,OBS207020382,string,[]
OBS207020411,OBS207020411,string,[]
OBS207020441,OBS207020441,string,[]
OBS207020521,OBS207020521,string,[]
OBS207020531,OBS207020531,string,[]
OBS207020541,OBS207020541,string,[]
OBS207040031,OBS207040031,string,[]
OBS207040341,OBS207040341,string,[]
OBS207050021,OBS207050021,string,[]
OBS207070011,OBS207070011,string,[]
OBS207070061,OBS207070061,string,[]
OBS207070151,OBS207070151,string,[]
OBS207070211,OBS207070211,string,[]
OBS207090141,OBS207090141,string,[]
OBS207090161,OBS207090161,string,[]
OBS207090331,OBS207090331,string,[]
OBS207090332,OBS207090332,string,[]
OBS207140151,OBS207140151,string,[]
OBS207140191,OBS207140191,string,[]
OBS207180041,OBS207180041,string,[]
OBS207250121,OBS207250121,string,[]
OBS208160021,OBS208160021,string,[]
OBS208160031,OBS208160031,string,[]
OBS208160051,OBS208160051,string,[]
OBS208160061,OBS208160061,string,[]
OBS208170031,OBS208170031,string,[]
OBS208170041,OBS208170041,string,[]
OBS208170051,OBS208170051,string,[]
OBS208170211,OBS208170211,string,[]
OBS208170261,OBS208170261,string,[]
OBS208170271,OBS208170271,string,[]
OBS208170281,OBS208170281,string,[]
OBS208170291,OBS208170291,string,[]
OBS208170301,OBS208170301,string,[]
OBS208170311,OBS208170311,string,[]
OBS208190011,OBS208190011,string,[]
OBS208190031,OBS208190031,string,[]
OBS208190041,OBS208190041,string,[]
OBS208220061,OBS208220061,string,[]
OBS301210061,OBS301210061,string,[]
OBS301210071,OBS301210071,string,[]
OBS303070021,OBS303070021,string,[]
OBS303070031,OBS303070031,string,[]
OBS303070041,OBS303070041,string,[]
OBS303080021,OBS303080021,string,[]
OBS303080031,OBS303080031,string,[]
OBS303160111,OBS303160111,string,[]
OBS303200081,OBS303200081,string,[]
OBS303210031,OBS303210031,string,[]
OBS303270031,OBS303270031,string,[]
OBS305080041,OBS305080041,string,[]
OBS305080051,OBS305080051,string,[]
OBS305090031,OBS305090031,string,[]
OBS305140051,OBS305140051,string,[]
OBS305140121,OBS305140121,string,[]
OBS305140131,OBS305140131,string,[]
OBS305140171,OBS305140171,string,[]
OBS305140181,OBS305140181,string,[]
OBS305140191,OBS305140191,string,[]
SOTNUMEST101010051,SOTNUMEST101010051,integer,[]
SOTNUMEST101040031,SOTNUMEST101040031,integer,[]
SOTNUMEST101040041,SOTNUMEST101040041,integer,[]
SOTNUMEST101040051,SOTNUMEST101040051,integer,[]
SOTNUMEST101040071,SOTNUMEST101040071,integer,[]
SOTNUMEST101040111,SOTNUMEST101040111,integer,[]
SOTNUMEST101070051,SOTNUMEST101070051,integer,[]
SOTNUMEST101130031,SOTNUMEST101130031,integer,[]
SOTNUMEST101140031,SOTNUMEST101140031,integer,[]
SOTNUMEST101140051,SOTNUMEST101140051,integer,[]
SOTNUMEST101140101,SOTNUMEST101140101,integer,[]
SOTNUMEST101140111,SOTNUMEST101140111,integer,[]
SOTNUMEST101140181,SOTNUMEST101140181,integer,[]
SOTNUMEST101150061,SOTNUMEST101150061,integer,[]
SOTNUMEST101150071,SOTNUMEST101150071,integer,[]
SOTNUMEST101160011,SOTNUMEST101160011,integer,[]
SOTNUMEST101180021,SOTNUMEST101180021,integer,[]
SOTNUMEST101250021,SOTNUMEST101250021,integer,[]
SOTNUMEST101270061,SOTNUMEST101270061,integer,[]
SOTNUMEST101310041,SOTNUMEST101310041,integer,[]
SOTNUMEST101320021,SOTNUMEST101320021,integer,[]
SOTNUMEST101360101,SOTNUMEST101360101,integer,[]
SOTNUMEST101360131,SOTNUMEST101360131,integer,[]
SOTNUMEST101370011,SOTNUMEST101370011,integer,[]
SOTNUMEST101370071,SOTNUMEST101370071,integer,[]
SOTNUMEST101370121,SOTNUMEST101370121,integer,[]
SOTNUMEST101380081,SOTNUMEST101380081,integer,[]
SOTNUMEST101380121,SOTNUMEST101380121,integer,[]
SOTNUMEST101380191,SOTNUMEST101380191,integer,[]
SOTNUMEST101450071,SOTNUMEST101450071,integer,[]
SOTNUMEST101450072,SOTNUMEST101450072,integer,[]
SOTNUMEST101460041,SOTNUMEST101460041,integer,[]
SOTNUMEST101470081,SOTNUMEST101470081,integer,[]
SOTNUMEST102120071,SOTNUMEST102120071,integer,[]
SOTNUMEST102500051,SOTNUMEST102500051,integer,[]
SOTNUMEST102570021,SOTNUMEST102570021,integer,[]
SOTNUMEST102570111,SOTNUMEST102570111,integer,[]
SOTNUMEST102710031,SOTNUMEST102710031,integer,[]
SOTNUMEST102710041,SOTNUMEST102710041,integer,[]
SOTNUMEST102710042,SOTNUMEST102710042,integer,[]
SOTNUMEST102710071,SOTNUMEST102710071,integer,[]
SOTNUMEST102710091,SOTNUMEST102710091,integer,[]
SOTNUMEST102710101,SOTNUMEST102710101,integer,[]
SOTNUMEST102820011,SOTNUMEST102820011,integer,[]
SOTNUMEST102820031,SOTNUMEST102820031,integer,[]
SOTNUMEST102820161,SOTNUMEST102820161,integer,[]
SOTNUMEST103040011,SOTNUMEST103040011,integer,[]
SOTNUMEST103040021,SOTNUMEST103040021,integer,[]
SOTNUMEST103080081,SOTNUMEST103080081,integer,[]
SOTNUMEST103160031,SOTNUMEST103160031,integer,[]
SOTNUMEST103160051,SOTNUMEST103160051,integer,[]
SOTNUMEST103160071,SOTNUMEST103160071,integer,[]
SOTNUMEST103180011,SOTNUMEST103180011,integer,[]
SOTNUMEST103200081,SOTNUMEST103200081,integer,[]
SOTNUMEST103200131,SOTNUMEST103200131,integer,[]
SOTNUMEST103200141,SOTNUMEST103200141,integer,[]
SOTNUMEST103200181,SOTNUMEST103200181,integer,[]
SOTNUMEST104020011,SOTNUMEST104020011,integer,[]
SOTNUMEST104020041,SOTNUMEST104020041,integer,[]
SOTNUMEST104020101,SOTNUMEST104020101,integer,[]
SOTNUMEST104020171,SOTNUMEST104020171,integer,[]
SOTNUMEST104020191,SOTNUMEST104020191,integer,[]
SOTNUMEST104020211,SOTNUMEST104020211,integer,[]
SOTNUMEST104020221,SOTNUMEST104020221,integer,[]
SOTNUMEST104240011,SOTNUMEST104240011,integer,[]
SOTNUMEST105120011,SOTNUMEST105120011,integer,[]
SOTNUMEST105120041,SOTNUMEST105120041,integer,[]
SOTNUMEST105120091,SOTNUMEST105120091,integer,[]
SOTNUMEST105120101,SOTNUMEST105120101,integer,[]
SOTNUMEST105120151,SOTNUMEST105120151,integer,[]
SOTNUMEST105120171,SOTNUMEST105120171,integer,[]
SOTNUMEST105120201,SOTNUMEST105120201,integer,[]
SOTNUMEST105120241,SOTNUMEST105120241,integer,[]
SOTNUMEST105120271,SOTNUMEST105120271,integer,[]
SOTNUMEST105120291,SOTNUMEST105120291,integer,[]
SOTNUMEST105120292,SOTNUMEST105120292,integer,[]
SOTNUMEST105120301,SOTNUMEST105120301,integer,[]
SOTNUMEST105120311,SOTNUMEST105120311,integer,[]
SOTNUMEST105120331,SOTNUMEST105120331,integer,[]
SOTNUMEST105120352,SOTNUMEST105120352,integer,[]
SOTNUMEST105120361,SOTNUMEST105120361,integer,[]
SOTNUMEST105150013,SOTNUMEST105150013,integer,[]
SOTNUMEST105190081,SOTNUMEST105190081,integer,[]
SOTNUMEST105190091,SOTNUMEST105190091,integer,[]
SOTNUMEST105190121,SOTNUMEST105190121,integer,[]
SOTNUMEST105260011,SOTNUMEST105260011,integer,[]
SOTNUMEST105260031,SOTNUMEST105260031,integer,[]
SOTNUMEST105260101,SOTNUMEST105260101,integer,[]
SOTNUMEST105300021,SOTNUMEST105300021,integer,[]
SOTNUMEST105300041,SOTNUMEST105300041,integer,[]
SOTNUMEST105300081,SOTNUMEST105300081,integer,[]
SOTNUMEST105300091,SOTNUMEST105300091,integer,[]
SOTNUMEST105300111,SOTNUMEST105300111,integer,[]
SOTNUMEST105300121,SOTNUMEST105300121,integer,[]
SOTNUMEST105300131,SOTNUMEST105300131,integer,[]
SOTNUMEST105300191,SOTNUMEST105300191,integer,[]
SOTNUMEST105300201,SOTNUMEST105300201,integer,[]
SOTNUMEST105300211,SOTNUMEST105300211,integer,[]
SOTNUMEST105300221,SOTNUMEST105300221,integer,[]
SOTNUMEST105300241,SOTNUMEST105300241,integer,[]
SOTNUMEST105300251,SOTNUMEST105300251,integer,[]
SOTNUMEST105300261,SOTNUMEST105300261,integer,[]
SOTNUMEST105300291,SOTNUMEST105300291,integer,[]
SOTNUMEST105300301,SOTNUMEST105300301,integer,[]
SOTNUMEST105300311,SOTNUMEST105300311,integer,[]
SOTNUMEST105300321,SOTNUMEST105300321,integer,[]
SOTNUMEST105300331,SOTNUMEST105300331,integer,[]
SOTNUMEST105300341,SOTNUMEST105300341,integer,[]
SOTNUMEST105300351,SOTNUMEST105300351,integer,[]
SOTNUMEST105300361,SOTNUMEST105300361,integer,[]
SOTNUMEST105300371,SOTNUMEST105300371,integer,[]
SOTNUMEST105300381,SOTNUMEST105300381,integer,[]
SOTNUMEST105300391,SOTNUMEST105300391,integer,[]
SOTNUMEST105300401,SOTNUMEST105300401,integer,[]
SOTNUMEST105300411,SOTNUMEST105300411,integer,[]
SOTNUMEST105300421,SOTNUMEST105300421,integer,[]
SOTNUMEST105300441,SOTNUMEST105300441,integer,[]
SOTNUMEST105300451,SOTNUMEST105300451,integer,[]
SOTNUMEST105300471,SOTNUMEST105300471,integer,[]
SOTNUMEST105300481,SOTNUMEST105300481,integer,[]
SOTNUMEST105300501,SOTNUMEST105300501,integer,[]
SOTNUMEST105300511,SOTNUMEST105300511,integer,[]
SOTNUMEST105300521,SOTNUMEST105300521,integer,[]
SOTNUMEST105300531,SOTNUMEST105300531,integer,[]
SOTNUMEST105300541,SOTNUMEST105300541,integer,[]
SOTNUMEST105300551,SOTNUMEST105300551,integer,[]
SOTNUMEST105300571,SOTNUMEST105300571,integer,[]
SOTNUMEST105300581,SOTNUMEST105300581,integer,[]
SOTNUMEST105300591,SOTNUMEST105300591,integer,[]
SOTNUMEST105300611,SOTNUMEST105300611,integer,[]
SOTNUMEST105300621,SOTNUMEST105300621,integer,[]
SOTNUMEST105300631,SOTNUMEST105300631,integer,[]
SOTNUMEST105300651,SOTNUMEST105300651,integer,[]
SOTNUMEST105300661,SOTNUMEST105300661,integer,[]
SOTNUMEST105300671,SOTNUMEST105300671,integer,[]
SOTNUMEST105300691,SOTNUMEST105300691,integer,[]
SOTNUMEST105300721,SOTNUMEST105300721,integer,[]
SOTNUMEST105620051,SOTNUMEST105620051,integer,[]
SOTNUMEST105620052,SOTNUMEST105620052,integer,[]
SOTNUMEST106220041,SOTNUMEST106220041,integer,[]
SOTNUMEST106220061,SOTNUMEST106220061,integer,[]
SOTNUMEST106480021,SOTNUMEST106480021,integer,[]
SOTNUMEST106480071,SOTNUMEST106480071,integer,[]
SOTNUMEST106610011,SOTNUMEST106610011,integer,[]
SOTNUMEST108020081,SOTNUMEST108020081,integer,[]
SOTNUMEST108020091,SOTNUMEST108020091,integer,[]
SOTNUMEST108020141,SOTNUMEST108020141,integer,[]
SOTNUMEST108230121,SOTNUMEST108230121,integer,[]
SOTNUMEST108230141,SOTNUMEST108230141,integer,[]
SOTNUMEST108230171,SOTNUMEST108230171,integer,[]
SOTNUMEST108260041,SOTNUMEST108260041,integer,[]
SOTNUMEST108340021,SOTNUMEST108340021,integer,[]
SOTNUMEST108400031,SOTNUMEST108400031,integer,[]
SOTNUMEST109430361,SOTNUMEST109430361,integer,[]
SOTNUMEST110050031,SOTNUMEST110050031,integer,[]
SOTNUMEST110050041,SOTNUMEST110050041,integer,[]
SOTNUMEST110050051,SOTNUMEST110050051,integer,[]
SOTNUMEST110080151,SOTNUMEST110080151,integer,[]
SOTNUMEST110080261,SOTNUMEST110080261,integer,[]
SOTNUMEST110080301,SOTNUMEST110080301,integer,[]
SOTNUMEST110080321,SOTNUMEST110080321,integer,[]
SOTNUMEST110080361,SOTNUMEST110080361,integer,[]
SOTNUMEST110080371,SOTNUMEST110080371,integer,[]
SOTNUMEST201020251,SOTNUMEST201020251,integer,[]
SOTNUMEST201050061,SOTNUMEST201050061,integer,[]
SOTNUMEST201060161,SOTNUMEST201060161,integer,[]
SOTNUMEST201110021,SOTNUMEST201110021,integer,[]
SOTNUMEST202030111,SOTNUMEST202030111,integer,[]
SOTNUMEST202060091,SOTNUMEST202060091,integer,[]
SOTNUMEST202060111,SOTNUMEST202060111,integer,[]
SOTNUMEST202060211,SOTNUMEST202060211,integer,[]
SOTNUMEST202060221,SOTNUMEST202060221,integer,[]
SOTNUMEST202060241,SOTNUMEST202060241,integer,[]
SOTNUMEST202060331,SOTNUMEST202060331,integer,[]
SOTNUMEST202060431,SOTNUMEST202060431,integer,[]
SOTNUMEST202060501,SOTNUMEST202060501,integer,[]
SOTNUMEST202060511,SOTNUMEST202060511,integer,[]
SOTNUMEST202060521,SOTNUMEST202060521,integer,[]
SOTNUMEST202060531,SOTNUMEST202060531,integer,[]
SOTNUMEST202060541,SOTNUMEST202060541,integer,[]
SOTNUMEST202060601,SOTNUMEST202060601,integer,[]
SOTNUMEST202060611,SOTNUMEST202060611,integer,[]
SOTNUMEST202060691,SOTNUMEST202060691,integer,[]
SOTNUMEST202060721,SOTNUMEST202060721,integer,[]
SOTNUMEST202060741,SOTNUMEST202060741,integer,[]
SOTNUMEST202060791,SOTNUMEST202060791,integer,[]
SOTNUMEST202060861,SOTNUMEST202060861,integer,[]
SOTNUMEST202120171,SOTNUMEST202120171,integer,[]
SOTNUMEST202150111,SOTNUMEST202150111,integer,[]
SOTNUMEST202150131,SOTNUMEST202150131,integer,[]
SOTNUMEST202170071,SOTNUMEST202170071,integer,[]
SOTNUMEST203010061,SOTNUMEST203010061,integer,[]
SOTNUMEST203010091,SOTNUMEST203010091,integer,[]
SOTNUMEST203040131,SOTNUMEST203040131,integer,[]
SOTNUMEST203040301,SOTNUMEST203040301,integer,[]
SOTNUMEST203040371,SOTNUMEST203040371,integer,[]
SOTNUMEST203040411,SOTNUMEST203040411,integer,[]
SOTNUMEST203040431,SOTNUMEST203040431,integer,[]
SOTNUMEST203040461,SOTNUMEST203040461,integer,[]
SOTNUMEST203040501,SOTNUMEST203040501,integer,[]
SOTNUMEST203040631,SOTNUMEST203040631,integer,[]
SOTNUMEST203050071,SOTNUMEST203050071,integer,[]
SOTNUMEST203050161,SOTNUMEST203050161,integer,[]
SOTNUMEST203050171,SOTNUMEST203050171,integer,[]
SOTNUMEST203050231,SOTNUMEST203050231,integer,[]
SOTNUMEST203050241,SOTNUMEST203050241,integer,[]
SOTNUMEST203050251,SOTNUMEST203050251,integer,[]
SOTNUMEST204030191,SOTNUMEST204030191,integer,[]
SOTNUMEST204030201,SOTNUMEST204030201,integer,[]
SOTNUMEST204110061,SOTNUMEST204110061,integer,[]
SOTNUMEST204130071,SOTNUMEST204130071,integer,[]
SOTNUMEST204130081,SOTNUMEST204130081,integer,[]
SOTNUMEST204140141,SOTNUMEST204140141,integer,[]
SOTNUMEST204140151,SOTNUMEST204140151,integer,[]
SOTNUMEST204150102,SOTNUMEST204150102,integer,[]
SOTNUMEST204170041,SOTNUMEST204170041,integer,[]
SOTNUMEST204190101,SOTNUMEST204190101,integer,[]
SOTNUMEST204190151,SOTNUMEST204190151,integer,[]
SOTNUMEST204200081,SOTNUMEST204200081,integer,[]
SOTNUMEST204200111,SOTNUMEST204200111,integer,[]
SOTNUMEST204210031,SOTNUMEST204210031,integer,[]
SOTNUMEST204230071,SOTNUMEST204230071,integer,[]
SOTNUMEST205050101,SOTNUMEST205050101,integer,[]
SOTNUMEST205050111,SOTNUMEST205050111,integer,[]
SOTNUMEST205050181,SOTNUMEST205050181,integer,[]
SOTNUMEST206070071,SOTNUMEST206070071,integer,[]
SOTNUMEST206070141,SOTNUMEST206070141,integer,[]
SOTNUMEST206080041,SOTNUMEST206080041,integer,[]
SOTNUMEST206080221,SOTNUMEST206080221,integer,[]
SOTNUMEST206150071,SOTNUMEST206150071,integer,[]
SOTNUMEST206210011,SOTNUMEST206210011,integer,[]
SOTNUMEST206210071,SOTNUMEST206210071,integer,[]
SOTNUMEST207020041,SOTNUMEST207020041,integer,[]
SOTNUMEST207020101,SOTNUMEST207020101,integer,[]
SOTNUMEST207020251,SOTNUMEST207020251,integer,[]
SOTNUMEST207020281,SOTNUMEST207020281,integer,[]
SOTNUMEST207020371,SOTNUMEST207020371,integer,[]
SOTNUMEST207020381,SOTNUMEST207020381,integer,[]
SOTNUMEST207020382,SOTNUMEST207020382,integer,[]
SOTNUMEST207020411,SOTNUMEST207020411,integer,[]
SOTNUMEST207020441,SOTNUMEST207020441,integer,[]
SOTNUMEST207020521,SOTNUMEST207020521,integer,[]
SOTNUMEST207020531,SOTNUMEST207020531,integer,[]
SOTNUMEST207020541,SOTNUMEST207020541,integer,[]
SOTNUMEST207040031,SOTNUMEST207040031,integer,[]
SOTNUMEST207040341,SOTNUMEST207040341,integer,[]
SOTNUMEST207050021,SOTNUMEST207050021,integer,[]
SOTNUMEST207070011,SOTNUMEST207070011,integer,[]
SOTNUMEST207070061,SOTNUMEST207070061,integer,[]
SOTNUMEST207070151,SOTNUMEST207070151,integer,[]
SOTNUMEST207070211,SOTNUMEST207070211,integer,[]
SOTNUMEST207090141,SOTNUMEST207090141,integer,[]
SOTNUMEST207090161,SOTNUMEST207090161,integer,[]
SOTNUMEST207090331,SOTNUMEST207090331,integer,[]
SOTNUMEST207090332,SOTNUMEST207090332,integer,[]
SOTNUMEST207140151,SOTNUMEST207140151,integer,[]
SOTNUMEST207140191,SOTNUMEST207140191,integer,[]
SOTNUMEST207180041,SOTNUMEST207180041,integer,[]
SOTNUMEST207250121,SOTNUMEST207250121,integer,[]
SOTNUMEST208160021,SOTNUMEST208160021,integer,[]
SOTNUMEST208160031,SOTNUMEST208160031,integer,[]
SOTNUMEST208160051,SOTNUMEST208160051,integer,[]
SOTNUMEST208160061,SOTNUMEST208160061,integer,[]
SOTNUMEST208170031,SOTNUMEST208170031,integer,[]
SOTNUMEST208170041,SOTNUMEST208170041,integer,[]
SOTNUMEST208170051,SOTNUMEST208170051,integer,[]
SOTNUMEST208170211,SOTNUMEST208170211,integer,[]
SOTNUMEST208170261,SOTNUMEST208170261,integer,[]
SOTNUMEST208170271,SOTNUMEST208170271,integer,[]
SOTNUMEST208170281,SOTNUMEST208170281,integer,[]
SOTNUMEST208170291,SOTNUMEST208170291,integer,[]
SOTNUMEST208170301,SOTNUMEST208170301,integer,[]
SOTNUMEST208170311,SOTNUMEST208170311,integer,[]
SOTNUMEST208190011,SOTNUMEST208190011,integer,[]
SOTNUMEST208190031,SOTNUMEST208190031,integer,[]
SOTNUMEST208190041,SOTNUMEST208190041,integer,[]
SOTNUMEST208220061,SOTNUMEST208220061,integer,[]
SOTNUMEST301210061,SOTNUMEST301210061,integer,[]
SOTNUMEST301210071,SOTNUMEST301210071,integer,[]
SOTNUMEST303070021,SOTNUMEST303070021,integer,[]
SOTNUMEST303070031,SOTNUMEST303070031,integer,[]
SOTNUMEST303070041,SOTNUMEST303070041,integer,[]
SOTNUMEST303080021,SOTNUMEST303080021,integer,[]
SOTNUMEST303080031,SOTNUMEST303080031,integer,[]
SOTNUMEST303160111,SOTNUMEST303160111,integer,[]
SOTNUMEST303200081,SOTNUMEST303200081,integer,[]
SOTNUMEST303210031,SOTNUMEST303210031,integer,[]
SOTNUMEST303270031,SOTNUMEST303270031,integer,[]
SOTNUMEST305080041,SOTNUMEST305080041,integer,[]
SOTNUMEST305080051,SOTNUMEST305080051,integer,[]
SOTNUMEST305090031,SOTNUMEST305090031,integer,[]
SOTNUMEST305140051,SOTNUMEST305140051,integer,[]
SOTNUMEST305140121,SOTNUMEST305140121,integer,[]
SOTNUMEST305140131,SOTNUMEST305140131,integer,[]
SOTNUMEST305140171,SOTNUMEST305140171,integer,[]
SOTNUMEST305140181,SOTNUMEST305140181,integer,[]
SOTNUMEST305140191,SOTNUMEST305140191,integer,[]
