_partition,_aspect,_key,_type,_value
Column,IMGTYPE101040011,displayChoicesList,object,"[{""choice_list_name"":""imgtype"",""data_value"":""PSB"",""display"":{""title"":{""text"":""Equipa movel (PSB)""}},""_row_num"":2},{""choice_list_name"":""imgtype"",""data_value"":""ST"",""display"":{""title"":{""text"":""STRAIN (ST)""}},""_row_num"":3},{""choice_list_name"":""imgtype"",""data_value"":""CSBCG"",""display"":{""title"":{""text"":""CS-BCG (CS)""}},""_row_num"":4},{""choice_list_name"":""imgtype"",""data_value"":""NO ID"",""display"":{""title"":{""text"":""Sem ID""}},""_row_num"":5},{""choice_list_name"":""imgtype"",""data_value"":""NOT CARD"",""display"":{""title"":{""text"":""Nem um cartão""}},""_row_num"":6},{""choice_list_name"":""imgtype"",""data_value"":""NO IMG"",""display"":{""title"":{""text"":""Sem imagem""}},""_row_num"":7}]"
Column,IMGTYPE104020141,displayChoicesList,object,"[{""choice_list_name"":""imgtype"",""data_value"":""PSB"",""display"":{""title"":{""text"":""Equipa movel (PSB)""}},""_row_num"":2},{""choice_list_name"":""imgtype"",""data_value"":""ST"",""display"":{""title"":{""text"":""STRAIN (ST)""}},""_row_num"":3},{""choice_list_name"":""imgtype"",""data_value"":""CSBCG"",""display"":{""title"":{""text"":""CS-BCG (CS)""}},""_row_num"":4},{""choice_list_name"":""imgtype"",""data_value"":""NO ID"",""display"":{""title"":{""text"":""Sem ID""}},""_row_num"":5},{""choice_list_name"":""imgtype"",""data_value"":""NOT CARD"",""display"":{""title"":{""text"":""Nem um cartão""}},""_row_num"":6},{""choice_list_name"":""imgtype"",""data_value"":""NO IMG"",""display"":{""title"":{""text"":""Sem imagem""}},""_row_num"":7}]"
Column,IMGTYPE105120191,displayChoicesList,object,"[{""choice_list_name"":""imgtype"",""data_value"":""PSB"",""display"":{""title"":{""text"":""Equipa movel (PSB)""}},""_row_num"":2},{""choice_list_name"":""imgtype"",""data_value"":""ST"",""display"":{""title"":{""text"":""STRAIN (ST)""}},""_row_num"":3},{""choice_list_name"":""imgtype"",""data_value"":""CSBCG"",""display"":{""title"":{""text"":""CS-BCG (CS)""}},""_row_num"":4},{""choice_list_name"":""imgtype"",""data_value"":""NO ID"",""display"":{""title"":{""text"":""Sem ID""}},""_row_num"":5},{""choice_list_name"":""imgtype"",""data_value"":""NOT CARD"",""display"":{""title"":{""text"":""Nem um cartão""}},""_row_num"":6},{""choice_list_name"":""imgtype"",""data_value"":""NO IMG"",""display"":{""title"":{""text"":""Sem imagem""}},""_row_num"":7}]"
Column,IMGTYPE105300141,displayChoicesList,object,"[{""choice_list_name"":""imgtype"",""data_value"":""PSB"",""display"":{""title"":{""text"":""Equipa movel (PSB)""}},""_row_num"":2},{""choice_list_name"":""imgtype"",""data_value"":""ST"",""display"":{""title"":{""text"":""STRAIN (ST)""}},""_row_num"":3},{""choice_list_name"":""imgtype"",""data_value"":""CSBCG"",""display"":{""title"":{""text"":""CS-BCG (CS)""}},""_row_num"":4},{""choice_list_name"":""imgtype"",""data_value"":""NO ID"",""display"":{""title"":{""text"":""Sem ID""}},""_row_num"":5},{""choice_list_name"":""imgtype"",""data_value"":""NOT CARD"",""display"":{""title"":{""text"":""Nem um cartão""}},""_row_num"":6},{""choice_list_name"":""imgtype"",""data_value"":""NO IMG"",""display"":{""title"":{""text"":""Sem imagem""}},""_row_num"":7}]"
Column,IMGTYPE110080041,displayChoicesList,object,"[{""choice_list_name"":""imgtype"",""data_value"":""PSB"",""display"":{""title"":{""text"":""Equipa movel (PSB)""}},""_row_num"":2},{""choice_list_name"":""imgtype"",""data_value"":""ST"",""display"":{""title"":{""text"":""STRAIN (ST)""}},""_row_num"":3},{""choice_list_name"":""imgtype"",""data_value"":""CSBCG"",""display"":{""title"":{""text"":""CS-BCG (CS)""}},""_row_num"":4},{""choice_list_name"":""imgtype"",""data_value"":""NO ID"",""display"":{""title"":{""text"":""Sem ID""}},""_row_num"":5},{""choice_list_name"":""imgtype"",""data_value"":""NOT CARD"",""display"":{""title"":{""text"":""Nem um cartão""}},""_row_num"":6},{""choice_list_name"":""imgtype"",""data_value"":""NO IMG"",""display"":{""title"":{""text"":""Sem imagem""}},""_row_num"":7}]"
Column,IMGTYPE110180021,displayChoicesList,object,"[{""choice_list_name"":""imgtype"",""data_value"":""PSB"",""display"":{""title"":{""text"":""Equipa movel (PSB)""}},""_row_num"":2},{""choice_list_name"":""imgtype"",""data_value"":""ST"",""display"":{""title"":{""text"":""STRAIN (ST)""}},""_row_num"":3},{""choice_list_name"":""imgtype"",""data_value"":""CSBCG"",""display"":{""title"":{""text"":""CS-BCG (CS)""}},""_row_num"":4},{""choice_list_name"":""imgtype"",""data_value"":""NO ID"",""display"":{""title"":{""text"":""Sem ID""}},""_row_num"":5},{""choice_list_name"":""imgtype"",""data_value"":""NOT CARD"",""display"":{""title"":{""text"":""Nem um cartão""}},""_row_num"":6},{""choice_list_name"":""imgtype"",""data_value"":""NO IMG"",""display"":{""title"":{""text"":""Sem imagem""}},""_row_num"":7}]"
Column,IMGTYPE110180051,displayChoicesList,object,"[{""choice_list_name"":""imgtype"",""data_value"":""PSB"",""display"":{""title"":{""text"":""Equipa movel (PSB)""}},""_row_num"":2},{""choice_list_name"":""imgtype"",""data_value"":""ST"",""display"":{""title"":{""text"":""STRAIN (ST)""}},""_row_num"":3},{""choice_list_name"":""imgtype"",""data_value"":""CSBCG"",""display"":{""title"":{""text"":""CS-BCG (CS)""}},""_row_num"":4},{""choice_list_name"":""imgtype"",""data_value"":""NO ID"",""display"":{""title"":{""text"":""Sem ID""}},""_row_num"":5},{""choice_list_name"":""imgtype"",""data_value"":""NOT CARD"",""display"":{""title"":{""text"":""Nem um cartão""}},""_row_num"":6},{""choice_list_name"":""imgtype"",""data_value"":""NO IMG"",""display"":{""title"":{""text"":""Sem imagem""}},""_row_num"":7}]"
Column,IMGTYPE201060091,displayChoicesList,object,"[{""choice_list_name"":""imgtype"",""data_value"":""PSB"",""display"":{""title"":{""text"":""Equipa movel (PSB)""}},""_row_num"":2},{""choice_list_name"":""imgtype"",""data_value"":""ST"",""display"":{""title"":{""text"":""STRAIN (ST)""}},""_row_num"":3},{""choice_list_name"":""imgtype"",""data_value"":""CSBCG"",""display"":{""title"":{""text"":""CS-BCG (CS)""}},""_row_num"":4},{""choice_list_name"":""imgtype"",""data_value"":""NO ID"",""display"":{""title"":{""text"":""Sem ID""}},""_row_num"":5},{""choice_list_name"":""imgtype"",""data_value"":""NOT CARD"",""display"":{""title"":{""text"":""Nem um cartão""}},""_row_num"":6},{""choice_list_name"":""imgtype"",""data_value"":""NO IMG"",""display"":{""title"":{""text"":""Sem imagem""}},""_row_num"":7}]"
Column,IMGTYPE202030011,displayChoicesList,object,"[{""choice_list_name"":""imgtype"",""data_value"":""PSB"",""display"":{""title"":{""text"":""Equipa movel (PSB)""}},""_row_num"":2},{""choice_list_name"":""imgtype"",""data_value"":""ST"",""display"":{""title"":{""text"":""STRAIN (ST)""}},""_row_num"":3},{""choice_list_name"":""imgtype"",""data_value"":""CSBCG"",""display"":{""title"":{""text"":""CS-BCG (CS)""}},""_row_num"":4},{""choice_list_name"":""imgtype"",""data_value"":""NO ID"",""display"":{""title"":{""text"":""Sem ID""}},""_row_num"":5},{""choice_list_name"":""imgtype"",""data_value"":""NOT CARD"",""display"":{""title"":{""text"":""Nem um cartão""}},""_row_num"":6},{""choice_list_name"":""imgtype"",""data_value"":""NO IMG"",""display"":{""title"":{""text"":""Sem imagem""}},""_row_num"":7}]"
Column,IMGTYPE202030031,displayChoicesList,object,"[{""choice_list_name"":""imgtype"",""data_value"":""PSB"",""display"":{""title"":{""text"":""Equipa movel (PSB)""}},""_row_num"":2},{""choice_list_name"":""imgtype"",""data_value"":""ST"",""display"":{""title"":{""text"":""STRAIN (ST)""}},""_row_num"":3},{""choice_list_name"":""imgtype"",""data_value"":""CSBCG"",""display"":{""title"":{""text"":""CS-BCG (CS)""}},""_row_num"":4},{""choice_list_name"":""imgtype"",""data_value"":""NO ID"",""display"":{""title"":{""text"":""Sem ID""}},""_row_num"":5},{""choice_list_name"":""imgtype"",""data_value"":""NOT CARD"",""display"":{""title"":{""text"":""Nem um cartão""}},""_row_num"":6},{""choice_list_name"":""imgtype"",""data_value"":""NO IMG"",""display"":{""title"":{""text"":""Sem imagem""}},""_row_num"":7}]"
Column,IMGTYPE202030041,displayChoicesList,object,"[{""choice_list_name"":""imgtype"",""data_value"":""PSB"",""display"":{""title"":{""text"":""Equipa movel (PSB)""}},""_row_num"":2},{""choice_list_name"":""imgtype"",""data_value"":""ST"",""display"":{""title"":{""text"":""STRAIN (ST)""}},""_row_num"":3},{""choice_list_name"":""imgtype"",""data_value"":""CSBCG"",""display"":{""title"":{""text"":""CS-BCG (CS)""}},""_row_num"":4},{""choice_list_name"":""imgtype"",""data_value"":""NO ID"",""display"":{""title"":{""text"":""Sem ID""}},""_row_num"":5},{""choice_list_name"":""imgtype"",""data_value"":""NOT CARD"",""display"":{""title"":{""text"":""Nem um cartão""}},""_row_num"":6},{""choice_list_name"":""imgtype"",""data_value"":""NO IMG"",""display"":{""title"":{""text"":""Sem imagem""}},""_row_num"":7}]"
Column,IMGTYPE202030051,displayChoicesList,object,"[{""choice_list_name"":""imgtype"",""data_value"":""PSB"",""display"":{""title"":{""text"":""Equipa movel (PSB)""}},""_row_num"":2},{""choice_list_name"":""imgtype"",""data_value"":""ST"",""display"":{""title"":{""text"":""STRAIN (ST)""}},""_row_num"":3},{""choice_list_name"":""imgtype"",""data_value"":""CSBCG"",""display"":{""title"":{""text"":""CS-BCG (CS)""}},""_row_num"":4},{""choice_list_name"":""imgtype"",""data_value"":""NO ID"",""display"":{""title"":{""text"":""Sem ID""}},""_row_num"":5},{""choice_list_name"":""imgtype"",""data_value"":""NOT CARD"",""display"":{""title"":{""text"":""Nem um cartão""}},""_row_num"":6},{""choice_list_name"":""imgtype"",""data_value"":""NO IMG"",""display"":{""title"":{""text"":""Sem imagem""}},""_row_num"":7}]"
Column,IMGTYPE202030071,displayChoicesList,object,"[{""choice_list_name"":""imgtype"",""data_value"":""PSB"",""display"":{""title"":{""text"":""Equipa movel (PSB)""}},""_row_num"":2},{""choice_list_name"":""imgtype"",""data_value"":""ST"",""display"":{""title"":{""text"":""STRAIN (ST)""}},""_row_num"":3},{""choice_list_name"":""imgtype"",""data_value"":""CSBCG"",""display"":{""title"":{""text"":""CS-BCG (CS)""}},""_row_num"":4},{""choice_list_name"":""imgtype"",""data_value"":""NO ID"",""display"":{""title"":{""text"":""Sem ID""}},""_row_num"":5},{""choice_list_name"":""imgtype"",""data_value"":""NOT CARD"",""display"":{""title"":{""text"":""Nem um cartão""}},""_row_num"":6},{""choice_list_name"":""imgtype"",""data_value"":""NO IMG"",""display"":{""title"":{""text"":""Sem imagem""}},""_row_num"":7}]"
Column,IMGTYPE202030081,displayChoicesList,object,"[{""choice_list_name"":""imgtype"",""data_value"":""PSB"",""display"":{""title"":{""text"":""Equipa movel (PSB)""}},""_row_num"":2},{""choice_list_name"":""imgtype"",""data_value"":""ST"",""display"":{""title"":{""text"":""STRAIN (ST)""}},""_row_num"":3},{""choice_list_name"":""imgtype"",""data_value"":""CSBCG"",""display"":{""title"":{""text"":""CS-BCG (CS)""}},""_row_num"":4},{""choice_list_name"":""imgtype"",""data_value"":""NO ID"",""display"":{""title"":{""text"":""Sem ID""}},""_row_num"":5},{""choice_list_name"":""imgtype"",""data_value"":""NOT CARD"",""display"":{""title"":{""text"":""Nem um cartão""}},""_row_num"":6},{""choice_list_name"":""imgtype"",""data_value"":""NO IMG"",""display"":{""title"":{""text"":""Sem imagem""}},""_row_num"":7}]"
Column,IMGTYPE202030101,displayChoicesList,object,"[{""choice_list_name"":""imgtype"",""data_value"":""PSB"",""display"":{""title"":{""text"":""Equipa movel (PSB)""}},""_row_num"":2},{""choice_list_name"":""imgtype"",""data_value"":""ST"",""display"":{""title"":{""text"":""STRAIN (ST)""}},""_row_num"":3},{""choice_list_name"":""imgtype"",""data_value"":""CSBCG"",""display"":{""title"":{""text"":""CS-BCG (CS)""}},""_row_num"":4},{""choice_list_name"":""imgtype"",""data_value"":""NO ID"",""display"":{""title"":{""text"":""Sem ID""}},""_row_num"":5},{""choice_list_name"":""imgtype"",""data_value"":""NOT CARD"",""display"":{""title"":{""text"":""Nem um cartão""}},""_row_num"":6},{""choice_list_name"":""imgtype"",""data_value"":""NO IMG"",""display"":{""title"":{""text"":""Sem imagem""}},""_row_num"":7}]"
Column,IMGTYPE202030102,displayChoicesList,object,"[{""choice_list_name"":""imgtype"",""data_value"":""PSB"",""display"":{""title"":{""text"":""Equipa movel (PSB)""}},""_row_num"":2},{""choice_list_name"":""imgtype"",""data_value"":""ST"",""display"":{""title"":{""text"":""STRAIN (ST)""}},""_row_num"":3},{""choice_list_name"":""imgtype"",""data_value"":""CSBCG"",""display"":{""title"":{""text"":""CS-BCG (CS)""}},""_row_num"":4},{""choice_list_name"":""imgtype"",""data_value"":""NO ID"",""display"":{""title"":{""text"":""Sem ID""}},""_row_num"":5},{""choice_list_name"":""imgtype"",""data_value"":""NOT CARD"",""display"":{""title"":{""text"":""Nem um cartão""}},""_row_num"":6},{""choice_list_name"":""imgtype"",""data_value"":""NO IMG"",""display"":{""title"":{""text"":""Sem imagem""}},""_row_num"":7}]"
Column,IMGTYPE202040021,displayChoicesList,object,"[{""choice_list_name"":""imgtype"",""data_value"":""PSB"",""display"":{""title"":{""text"":""Equipa movel (PSB)""}},""_row_num"":2},{""choice_list_name"":""imgtype"",""data_value"":""ST"",""display"":{""title"":{""text"":""STRAIN (ST)""}},""_row_num"":3},{""choice_list_name"":""imgtype"",""data_value"":""CSBCG"",""display"":{""title"":{""text"":""CS-BCG (CS)""}},""_row_num"":4},{""choice_list_name"":""imgtype"",""data_value"":""NO ID"",""display"":{""title"":{""text"":""Sem ID""}},""_row_num"":5},{""choice_list_name"":""imgtype"",""data_value"":""NOT CARD"",""display"":{""title"":{""text"":""Nem um cartão""}},""_row_num"":6},{""choice_list_name"":""imgtype"",""data_value"":""NO IMG"",""display"":{""title"":{""text"":""Sem imagem""}},""_row_num"":7}]"
Column,IMGTYPE202040031,displayChoicesList,object,"[{""choice_list_name"":""imgtype"",""data_value"":""PSB"",""display"":{""title"":{""text"":""Equipa movel (PSB)""}},""_row_num"":2},{""choice_list_name"":""imgtype"",""data_value"":""ST"",""display"":{""title"":{""text"":""STRAIN (ST)""}},""_row_num"":3},{""choice_list_name"":""imgtype"",""data_value"":""CSBCG"",""display"":{""title"":{""text"":""CS-BCG (CS)""}},""_row_num"":4},{""choice_list_name"":""imgtype"",""data_value"":""NO ID"",""display"":{""title"":{""text"":""Sem ID""}},""_row_num"":5},{""choice_list_name"":""imgtype"",""data_value"":""NOT CARD"",""display"":{""title"":{""text"":""Nem um cartão""}},""_row_num"":6},{""choice_list_name"":""imgtype"",""data_value"":""NO IMG"",""display"":{""title"":{""text"":""Sem imagem""}},""_row_num"":7}]"
Column,IMGTYPE202040051,displayChoicesList,object,"[{""choice_list_name"":""imgtype"",""data_value"":""PSB"",""display"":{""title"":{""text"":""Equipa movel (PSB)""}},""_row_num"":2},{""choice_list_name"":""imgtype"",""data_value"":""ST"",""display"":{""title"":{""text"":""STRAIN (ST)""}},""_row_num"":3},{""choice_list_name"":""imgtype"",""data_value"":""CSBCG"",""display"":{""title"":{""text"":""CS-BCG (CS)""}},""_row_num"":4},{""choice_list_name"":""imgtype"",""data_value"":""NO ID"",""display"":{""title"":{""text"":""Sem ID""}},""_row_num"":5},{""choice_list_name"":""imgtype"",""data_value"":""NOT CARD"",""display"":{""title"":{""text"":""Nem um cartão""}},""_row_num"":6},{""choice_list_name"":""imgtype"",""data_value"":""NO IMG"",""display"":{""title"":{""text"":""Sem imagem""}},""_row_num"":7}]"
Column,IMGTYPE202050041,displayChoicesList,object,"[{""choice_list_name"":""imgtype"",""data_value"":""PSB"",""display"":{""title"":{""text"":""Equipa movel (PSB)""}},""_row_num"":2},{""choice_list_name"":""imgtype"",""data_value"":""ST"",""display"":{""title"":{""text"":""STRAIN (ST)""}},""_row_num"":3},{""choice_list_name"":""imgtype"",""data_value"":""CSBCG"",""display"":{""title"":{""text"":""CS-BCG (CS)""}},""_row_num"":4},{""choice_list_name"":""imgtype"",""data_value"":""NO ID"",""display"":{""title"":{""text"":""Sem ID""}},""_row_num"":5},{""choice_list_name"":""imgtype"",""data_value"":""NOT CARD"",""display"":{""title"":{""text"":""Nem um cartão""}},""_row_num"":6},{""choice_list_name"":""imgtype"",""data_value"":""NO IMG"",""display"":{""title"":{""text"":""Sem imagem""}},""_row_num"":7}]"
Column,IMGTYPE202050121,displayChoicesList,object,"[{""choice_list_name"":""imgtype"",""data_value"":""PSB"",""display"":{""title"":{""text"":""Equipa movel (PSB)""}},""_row_num"":2},{""choice_list_name"":""imgtype"",""data_value"":""ST"",""display"":{""title"":{""text"":""STRAIN (ST)""}},""_row_num"":3},{""choice_list_name"":""imgtype"",""data_value"":""CSBCG"",""display"":{""title"":{""text"":""CS-BCG (CS)""}},""_row_num"":4},{""choice_list_name"":""imgtype"",""data_value"":""NO ID"",""display"":{""title"":{""text"":""Sem ID""}},""_row_num"":5},{""choice_list_name"":""imgtype"",""data_value"":""NOT CARD"",""display"":{""title"":{""text"":""Nem um cartão""}},""_row_num"":6},{""choice_list_name"":""imgtype"",""data_value"":""NO IMG"",""display"":{""title"":{""text"":""Sem imagem""}},""_row_num"":7}]"
Column,IMGTYPE202050161,displayChoicesList,object,"[{""choice_list_name"":""imgtype"",""data_value"":""PSB"",""display"":{""title"":{""text"":""Equipa movel (PSB)""}},""_row_num"":2},{""choice_list_name"":""imgtype"",""data_value"":""ST"",""display"":{""title"":{""text"":""STRAIN (ST)""}},""_row_num"":3},{""choice_list_name"":""imgtype"",""data_value"":""CSBCG"",""display"":{""title"":{""text"":""CS-BCG (CS)""}},""_row_num"":4},{""choice_list_name"":""imgtype"",""data_value"":""NO ID"",""display"":{""title"":{""text"":""Sem ID""}},""_row_num"":5},{""choice_list_name"":""imgtype"",""data_value"":""NOT CARD"",""display"":{""title"":{""text"":""Nem um cartão""}},""_row_num"":6},{""choice_list_name"":""imgtype"",""data_value"":""NO IMG"",""display"":{""title"":{""text"":""Sem imagem""}},""_row_num"":7}]"
Column,IMGTYPE202060041,displayChoicesList,object,"[{""choice_list_name"":""imgtype"",""data_value"":""PSB"",""display"":{""title"":{""text"":""Equipa movel (PSB)""}},""_row_num"":2},{""choice_list_name"":""imgtype"",""data_value"":""ST"",""display"":{""title"":{""text"":""STRAIN (ST)""}},""_row_num"":3},{""choice_list_name"":""imgtype"",""data_value"":""CSBCG"",""display"":{""title"":{""text"":""CS-BCG (CS)""}},""_row_num"":4},{""choice_list_name"":""imgtype"",""data_value"":""NO ID"",""display"":{""title"":{""text"":""Sem ID""}},""_row_num"":5},{""choice_list_name"":""imgtype"",""data_value"":""NOT CARD"",""display"":{""title"":{""text"":""Nem um cartão""}},""_row_num"":6},{""choice_list_name"":""imgtype"",""data_value"":""NO IMG"",""display"":{""title"":{""text"":""Sem imagem""}},""_row_num"":7}]"
Column,IMGTYPE202060101,displayChoicesList,object,"[{""choice_list_name"":""imgtype"",""data_value"":""PSB"",""display"":{""title"":{""text"":""Equipa movel (PSB)""}},""_row_num"":2},{""choice_list_name"":""imgtype"",""data_value"":""ST"",""display"":{""title"":{""text"":""STRAIN (ST)""}},""_row_num"":3},{""choice_list_name"":""imgtype"",""data_value"":""CSBCG"",""display"":{""title"":{""text"":""CS-BCG (CS)""}},""_row_num"":4},{""choice_list_name"":""imgtype"",""data_value"":""NO ID"",""display"":{""title"":{""text"":""Sem ID""}},""_row_num"":5},{""choice_list_name"":""imgtype"",""data_value"":""NOT CARD"",""display"":{""title"":{""text"":""Nem um cartão""}},""_row_num"":6},{""choice_list_name"":""imgtype"",""data_value"":""NO IMG"",""display"":{""title"":{""text"":""Sem imagem""}},""_row_num"":7}]"
Column,IMGTYPE202060121,displayChoicesList,object,"[{""choice_list_name"":""imgtype"",""data_value"":""PSB"",""display"":{""title"":{""text"":""Equipa movel (PSB)""}},""_row_num"":2},{""choice_list_name"":""imgtype"",""data_value"":""ST"",""display"":{""title"":{""text"":""STRAIN (ST)""}},""_row_num"":3},{""choice_list_name"":""imgtype"",""data_value"":""CSBCG"",""display"":{""title"":{""text"":""CS-BCG (CS)""}},""_row_num"":4},{""choice_list_name"":""imgtype"",""data_value"":""NO ID"",""display"":{""title"":{""text"":""Sem ID""}},""_row_num"":5},{""choice_list_name"":""imgtype"",""data_value"":""NOT CARD"",""display"":{""title"":{""text"":""Nem um cartão""}},""_row_num"":6},{""choice_list_name"":""imgtype"",""data_value"":""NO IMG"",""display"":{""title"":{""text"":""Sem imagem""}},""_row_num"":7}]"
Column,IMGTYPE202060181,displayChoicesList,object,"[{""choice_list_name"":""imgtype"",""data_value"":""PSB"",""display"":{""title"":{""text"":""Equipa movel (PSB)""}},""_row_num"":2},{""choice_list_name"":""imgtype"",""data_value"":""ST"",""display"":{""title"":{""text"":""STRAIN (ST)""}},""_row_num"":3},{""choice_list_name"":""imgtype"",""data_value"":""CSBCG"",""display"":{""title"":{""text"":""CS-BCG (CS)""}},""_row_num"":4},{""choice_list_name"":""imgtype"",""data_value"":""NO ID"",""display"":{""title"":{""text"":""Sem ID""}},""_row_num"":5},{""choice_list_name"":""imgtype"",""data_value"":""NOT CARD"",""display"":{""title"":{""text"":""Nem um cartão""}},""_row_num"":6},{""choice_list_name"":""imgtype"",""data_value"":""NO IMG"",""display"":{""title"":{""text"":""Sem imagem""}},""_row_num"":7}]"
Column,IMGTYPE202060191,displayChoicesList,object,"[{""choice_list_name"":""imgtype"",""data_value"":""PSB"",""display"":{""title"":{""text"":""Equipa movel (PSB)""}},""_row_num"":2},{""choice_list_name"":""imgtype"",""data_value"":""ST"",""display"":{""title"":{""text"":""STRAIN (ST)""}},""_row_num"":3},{""choice_list_name"":""imgtype"",""data_value"":""CSBCG"",""display"":{""title"":{""text"":""CS-BCG (CS)""}},""_row_num"":4},{""choice_list_name"":""imgtype"",""data_value"":""NO ID"",""display"":{""title"":{""text"":""Sem ID""}},""_row_num"":5},{""choice_list_name"":""imgtype"",""data_value"":""NOT CARD"",""display"":{""title"":{""text"":""Nem um cartão""}},""_row_num"":6},{""choice_list_name"":""imgtype"",""data_value"":""NO IMG"",""display"":{""title"":{""text"":""Sem imagem""}},""_row_num"":7}]"
Column,IMGTYPE202060242,displayChoicesList,object,"[{""choice_list_name"":""imgtype"",""data_value"":""PSB"",""display"":{""title"":{""text"":""Equipa movel (PSB)""}},""_row_num"":2},{""choice_list_name"":""imgtype"",""data_value"":""ST"",""display"":{""title"":{""text"":""STRAIN (ST)""}},""_row_num"":3},{""choice_list_name"":""imgtype"",""data_value"":""CSBCG"",""display"":{""title"":{""text"":""CS-BCG (CS)""}},""_row_num"":4},{""choice_list_name"":""imgtype"",""data_value"":""NO ID"",""display"":{""title"":{""text"":""Sem ID""}},""_row_num"":5},{""choice_list_name"":""imgtype"",""data_value"":""NOT CARD"",""display"":{""title"":{""text"":""Nem um cartão""}},""_row_num"":6},{""choice_list_name"":""imgtype"",""data_value"":""NO IMG"",""display"":{""title"":{""text"":""Sem imagem""}},""_row_num"":7}]"
Column,IMGTYPE202060291,displayChoicesList,object,"[{""choice_list_name"":""imgtype"",""data_value"":""PSB"",""display"":{""title"":{""text"":""Equipa movel (PSB)""}},""_row_num"":2},{""choice_list_name"":""imgtype"",""data_value"":""ST"",""display"":{""title"":{""text"":""STRAIN (ST)""}},""_row_num"":3},{""choice_list_name"":""imgtype"",""data_value"":""CSBCG"",""display"":{""title"":{""text"":""CS-BCG (CS)""}},""_row_num"":4},{""choice_list_name"":""imgtype"",""data_value"":""NO ID"",""display"":{""title"":{""text"":""Sem ID""}},""_row_num"":5},{""choice_list_name"":""imgtype"",""data_value"":""NOT CARD"",""display"":{""title"":{""text"":""Nem um cartão""}},""_row_num"":6},{""choice_list_name"":""imgtype"",""data_value"":""NO IMG"",""display"":{""title"":{""text"":""Sem imagem""}},""_row_num"":7}]"
Column,IMGTYPE202060361,displayChoicesList,object,"[{""choice_list_name"":""imgtype"",""data_value"":""PSB"",""display"":{""title"":{""text"":""Equipa movel (PSB)""}},""_row_num"":2},{""choice_list_name"":""imgtype"",""data_value"":""ST"",""display"":{""title"":{""text"":""STRAIN (ST)""}},""_row_num"":3},{""choice_list_name"":""imgtype"",""data_value"":""CSBCG"",""display"":{""title"":{""text"":""CS-BCG (CS)""}},""_row_num"":4},{""choice_list_name"":""imgtype"",""data_value"":""NO ID"",""display"":{""title"":{""text"":""Sem ID""}},""_row_num"":5},{""choice_list_name"":""imgtype"",""data_value"":""NOT CARD"",""display"":{""title"":{""text"":""Nem um cartão""}},""_row_num"":6},{""choice_list_name"":""imgtype"",""data_value"":""NO IMG"",""display"":{""title"":{""text"":""Sem imagem""}},""_row_num"":7}]"
Column,IMGTYPE202060491,displayChoicesList,object,"[{""choice_list_name"":""imgtype"",""data_value"":""PSB"",""display"":{""title"":{""text"":""Equipa movel (PSB)""}},""_row_num"":2},{""choice_list_name"":""imgtype"",""data_value"":""ST"",""display"":{""title"":{""text"":""STRAIN (ST)""}},""_row_num"":3},{""choice_list_name"":""imgtype"",""data_value"":""CSBCG"",""display"":{""title"":{""text"":""CS-BCG (CS)""}},""_row_num"":4},{""choice_list_name"":""imgtype"",""data_value"":""NO ID"",""display"":{""title"":{""text"":""Sem ID""}},""_row_num"":5},{""choice_list_name"":""imgtype"",""data_value"":""NOT CARD"",""display"":{""title"":{""text"":""Nem um cartão""}},""_row_num"":6},{""choice_list_name"":""imgtype"",""data_value"":""NO IMG"",""display"":{""title"":{""text"":""Sem imagem""}},""_row_num"":7}]"
Column,IMGTYPE202070021,displayChoicesList,object,"[{""choice_list_name"":""imgtype"",""data_value"":""PSB"",""display"":{""title"":{""text"":""Equipa movel (PSB)""}},""_row_num"":2},{""choice_list_name"":""imgtype"",""data_value"":""ST"",""display"":{""title"":{""text"":""STRAIN (ST)""}},""_row_num"":3},{""choice_list_name"":""imgtype"",""data_value"":""CSBCG"",""display"":{""title"":{""text"":""CS-BCG (CS)""}},""_row_num"":4},{""choice_list_name"":""imgtype"",""data_value"":""NO ID"",""display"":{""title"":{""text"":""Sem ID""}},""_row_num"":5},{""choice_list_name"":""imgtype"",""data_value"":""NOT CARD"",""display"":{""title"":{""text"":""Nem um cartão""}},""_row_num"":6},{""choice_list_name"":""imgtype"",""data_value"":""NO IMG"",""display"":{""title"":{""text"":""Sem imagem""}},""_row_num"":7}]"
Column,IMGTYPE202070031,displayChoicesList,object,"[{""choice_list_name"":""imgtype"",""data_value"":""PSB"",""display"":{""title"":{""text"":""Equipa movel (PSB)""}},""_row_num"":2},{""choice_list_name"":""imgtype"",""data_value"":""ST"",""display"":{""title"":{""text"":""STRAIN (ST)""}},""_row_num"":3},{""choice_list_name"":""imgtype"",""data_value"":""CSBCG"",""display"":{""title"":{""text"":""CS-BCG (CS)""}},""_row_num"":4},{""choice_list_name"":""imgtype"",""data_value"":""NO ID"",""display"":{""title"":{""text"":""Sem ID""}},""_row_num"":5},{""choice_list_name"":""imgtype"",""data_value"":""NOT CARD"",""display"":{""title"":{""text"":""Nem um cartão""}},""_row_num"":6},{""choice_list_name"":""imgtype"",""data_value"":""NO IMG"",""display"":{""title"":{""text"":""Sem imagem""}},""_row_num"":7}]"
Column,IMGTYPE202080011,displayChoicesList,object,"[{""choice_list_name"":""imgtype"",""data_value"":""PSB"",""display"":{""title"":{""text"":""Equipa movel (PSB)""}},""_row_num"":2},{""choice_list_name"":""imgtype"",""data_value"":""ST"",""display"":{""title"":{""text"":""STRAIN (ST)""}},""_row_num"":3},{""choice_list_name"":""imgtype"",""data_value"":""CSBCG"",""display"":{""title"":{""text"":""CS-BCG (CS)""}},""_row_num"":4},{""choice_list_name"":""imgtype"",""data_value"":""NO ID"",""display"":{""title"":{""text"":""Sem ID""}},""_row_num"":5},{""choice_list_name"":""imgtype"",""data_value"":""NOT CARD"",""display"":{""title"":{""text"":""Nem um cartão""}},""_row_num"":6},{""choice_list_name"":""imgtype"",""data_value"":""NO IMG"",""display"":{""title"":{""text"":""Sem imagem""}},""_row_num"":7}]"
Column,IMGTYPE202090041,displayChoicesList,object,"[{""choice_list_name"":""imgtype"",""data_value"":""PSB"",""display"":{""title"":{""text"":""Equipa movel (PSB)""}},""_row_num"":2},{""choice_list_name"":""imgtype"",""data_value"":""ST"",""display"":{""title"":{""text"":""STRAIN (ST)""}},""_row_num"":3},{""choice_list_name"":""imgtype"",""data_value"":""CSBCG"",""display"":{""title"":{""text"":""CS-BCG (CS)""}},""_row_num"":4},{""choice_list_name"":""imgtype"",""data_value"":""NO ID"",""display"":{""title"":{""text"":""Sem ID""}},""_row_num"":5},{""choice_list_name"":""imgtype"",""data_value"":""NOT CARD"",""display"":{""title"":{""text"":""Nem um cartão""}},""_row_num"":6},{""choice_list_name"":""imgtype"",""data_value"":""NO IMG"",""display"":{""title"":{""text"":""Sem imagem""}},""_row_num"":7}]"
Column,IMGTYPE202100031,displayChoicesList,object,"[{""choice_list_name"":""imgtype"",""data_value"":""PSB"",""display"":{""title"":{""text"":""Equipa movel (PSB)""}},""_row_num"":2},{""choice_list_name"":""imgtype"",""data_value"":""ST"",""display"":{""title"":{""text"":""STRAIN (ST)""}},""_row_num"":3},{""choice_list_name"":""imgtype"",""data_value"":""CSBCG"",""display"":{""title"":{""text"":""CS-BCG (CS)""}},""_row_num"":4},{""choice_list_name"":""imgtype"",""data_value"":""NO ID"",""display"":{""title"":{""text"":""Sem ID""}},""_row_num"":5},{""choice_list_name"":""imgtype"",""data_value"":""NOT CARD"",""display"":{""title"":{""text"":""Nem um cartão""}},""_row_num"":6},{""choice_list_name"":""imgtype"",""data_value"":""NO IMG"",""display"":{""title"":{""text"":""Sem imagem""}},""_row_num"":7}]"
Column,IMGTYPE202100051,displayChoicesList,object,"[{""choice_list_name"":""imgtype"",""data_value"":""PSB"",""display"":{""title"":{""text"":""Equipa movel (PSB)""}},""_row_num"":2},{""choice_list_name"":""imgtype"",""data_value"":""ST"",""display"":{""title"":{""text"":""STRAIN (ST)""}},""_row_num"":3},{""choice_list_name"":""imgtype"",""data_value"":""CSBCG"",""display"":{""title"":{""text"":""CS-BCG (CS)""}},""_row_num"":4},{""choice_list_name"":""imgtype"",""data_value"":""NO ID"",""display"":{""title"":{""text"":""Sem ID""}},""_row_num"":5},{""choice_list_name"":""imgtype"",""data_value"":""NOT CARD"",""display"":{""title"":{""text"":""Nem um cartão""}},""_row_num"":6},{""choice_list_name"":""imgtype"",""data_value"":""NO IMG"",""display"":{""title"":{""text"":""Sem imagem""}},""_row_num"":7}]"
Column,IMGTYPE202100061,displayChoicesList,object,"[{""choice_list_name"":""imgtype"",""data_value"":""PSB"",""display"":{""title"":{""text"":""Equipa movel (PSB)""}},""_row_num"":2},{""choice_list_name"":""imgtype"",""data_value"":""ST"",""display"":{""title"":{""text"":""STRAIN (ST)""}},""_row_num"":3},{""choice_list_name"":""imgtype"",""data_value"":""CSBCG"",""display"":{""title"":{""text"":""CS-BCG (CS)""}},""_row_num"":4},{""choice_list_name"":""imgtype"",""data_value"":""NO ID"",""display"":{""title"":{""text"":""Sem ID""}},""_row_num"":5},{""choice_list_name"":""imgtype"",""data_value"":""NOT CARD"",""display"":{""title"":{""text"":""Nem um cartão""}},""_row_num"":6},{""choice_list_name"":""imgtype"",""data_value"":""NO IMG"",""display"":{""title"":{""text"":""Sem imagem""}},""_row_num"":7}]"
Column,IMGTYPE202100081,displayChoicesList,object,"[{""choice_list_name"":""imgtype"",""data_value"":""PSB"",""display"":{""title"":{""text"":""Equipa movel (PSB)""}},""_row_num"":2},{""choice_list_name"":""imgtype"",""data_value"":""ST"",""display"":{""title"":{""text"":""STRAIN (ST)""}},""_row_num"":3},{""choice_list_name"":""imgtype"",""data_value"":""CSBCG"",""display"":{""title"":{""text"":""CS-BCG (CS)""}},""_row_num"":4},{""choice_list_name"":""imgtype"",""data_value"":""NO ID"",""display"":{""title"":{""text"":""Sem ID""}},""_row_num"":5},{""choice_list_name"":""imgtype"",""data_value"":""NOT CARD"",""display"":{""title"":{""text"":""Nem um cartão""}},""_row_num"":6},{""choice_list_name"":""imgtype"",""data_value"":""NO IMG"",""display"":{""title"":{""text"":""Sem imagem""}},""_row_num"":7}]"
Column,IMGTYPE202120051,displayChoicesList,object,"[{""choice_list_name"":""imgtype"",""data_value"":""PSB"",""display"":{""title"":{""text"":""Equipa movel (PSB)""}},""_row_num"":2},{""choice_list_name"":""imgtype"",""data_value"":""ST"",""display"":{""title"":{""text"":""STRAIN (ST)""}},""_row_num"":3},{""choice_list_name"":""imgtype"",""data_value"":""CSBCG"",""display"":{""title"":{""text"":""CS-BCG (CS)""}},""_row_num"":4},{""choice_list_name"":""imgtype"",""data_value"":""NO ID"",""display"":{""title"":{""text"":""Sem ID""}},""_row_num"":5},{""choice_list_name"":""imgtype"",""data_value"":""NOT CARD"",""display"":{""title"":{""text"":""Nem um cartão""}},""_row_num"":6},{""choice_list_name"":""imgtype"",""data_value"":""NO IMG"",""display"":{""title"":{""text"":""Sem imagem""}},""_row_num"":7}]"
Column,IMGTYPE202120071,displayChoicesList,object,"[{""choice_list_name"":""imgtype"",""data_value"":""PSB"",""display"":{""title"":{""text"":""Equipa movel (PSB)""}},""_row_num"":2},{""choice_list_name"":""imgtype"",""data_value"":""ST"",""display"":{""title"":{""text"":""STRAIN (ST)""}},""_row_num"":3},{""choice_list_name"":""imgtype"",""data_value"":""CSBCG"",""display"":{""title"":{""text"":""CS-BCG (CS)""}},""_row_num"":4},{""choice_list_name"":""imgtype"",""data_value"":""NO ID"",""display"":{""title"":{""text"":""Sem ID""}},""_row_num"":5},{""choice_list_name"":""imgtype"",""data_value"":""NOT CARD"",""display"":{""title"":{""text"":""Nem um cartão""}},""_row_num"":6},{""choice_list_name"":""imgtype"",""data_value"":""NO IMG"",""display"":{""title"":{""text"":""Sem imagem""}},""_row_num"":7}]"
Column,IMGTYPE202120141,displayChoicesList,object,"[{""choice_list_name"":""imgtype"",""data_value"":""PSB"",""display"":{""title"":{""text"":""Equipa movel (PSB)""}},""_row_num"":2},{""choice_list_name"":""imgtype"",""data_value"":""ST"",""display"":{""title"":{""text"":""STRAIN (ST)""}},""_row_num"":3},{""choice_list_name"":""imgtype"",""data_value"":""CSBCG"",""display"":{""title"":{""text"":""CS-BCG (CS)""}},""_row_num"":4},{""choice_list_name"":""imgtype"",""data_value"":""NO ID"",""display"":{""title"":{""text"":""Sem ID""}},""_row_num"":5},{""choice_list_name"":""imgtype"",""data_value"":""NOT CARD"",""display"":{""title"":{""text"":""Nem um cartão""}},""_row_num"":6},{""choice_list_name"":""imgtype"",""data_value"":""NO IMG"",""display"":{""title"":{""text"":""Sem imagem""}},""_row_num"":7}]"
Column,IMGTYPE202140041,displayChoicesList,object,"[{""choice_list_name"":""imgtype"",""data_value"":""PSB"",""display"":{""title"":{""text"":""Equipa movel (PSB)""}},""_row_num"":2},{""choice_list_name"":""imgtype"",""data_value"":""ST"",""display"":{""title"":{""text"":""STRAIN (ST)""}},""_row_num"":3},{""choice_list_name"":""imgtype"",""data_value"":""CSBCG"",""display"":{""title"":{""text"":""CS-BCG (CS)""}},""_row_num"":4},{""choice_list_name"":""imgtype"",""data_value"":""NO ID"",""display"":{""title"":{""text"":""Sem ID""}},""_row_num"":5},{""choice_list_name"":""imgtype"",""data_value"":""NOT CARD"",""display"":{""title"":{""text"":""Nem um cartão""}},""_row_num"":6},{""choice_list_name"":""imgtype"",""data_value"":""NO IMG"",""display"":{""title"":{""text"":""Sem imagem""}},""_row_num"":7}]"
Column,IMGTYPE202140051,displayChoicesList,object,"[{""choice_list_name"":""imgtype"",""data_value"":""PSB"",""display"":{""title"":{""text"":""Equipa movel (PSB)""}},""_row_num"":2},{""choice_list_name"":""imgtype"",""data_value"":""ST"",""display"":{""title"":{""text"":""STRAIN (ST)""}},""_row_num"":3},{""choice_list_name"":""imgtype"",""data_value"":""CSBCG"",""display"":{""title"":{""text"":""CS-BCG (CS)""}},""_row_num"":4},{""choice_list_name"":""imgtype"",""data_value"":""NO ID"",""display"":{""title"":{""text"":""Sem ID""}},""_row_num"":5},{""choice_list_name"":""imgtype"",""data_value"":""NOT CARD"",""display"":{""title"":{""text"":""Nem um cartão""}},""_row_num"":6},{""choice_list_name"":""imgtype"",""data_value"":""NO IMG"",""display"":{""title"":{""text"":""Sem imagem""}},""_row_num"":7}]"
Column,IMGTYPE202140061,displayChoicesList,object,"[{""choice_list_name"":""imgtype"",""data_value"":""PSB"",""display"":{""title"":{""text"":""Equipa movel (PSB)""}},""_row_num"":2},{""choice_list_name"":""imgtype"",""data_value"":""ST"",""display"":{""title"":{""text"":""STRAIN (ST)""}},""_row_num"":3},{""choice_list_name"":""imgtype"",""data_value"":""CSBCG"",""display"":{""title"":{""text"":""CS-BCG (CS)""}},""_row_num"":4},{""choice_list_name"":""imgtype"",""data_value"":""NO ID"",""display"":{""title"":{""text"":""Sem ID""}},""_row_num"":5},{""choice_list_name"":""imgtype"",""data_value"":""NOT CARD"",""display"":{""title"":{""text"":""Nem um cartão""}},""_row_num"":6},{""choice_list_name"":""imgtype"",""data_value"":""NO IMG"",""display"":{""title"":{""text"":""Sem imagem""}},""_row_num"":7}]"
Column,IMGTYPE202140071,displayChoicesList,object,"[{""choice_list_name"":""imgtype"",""data_value"":""PSB"",""display"":{""title"":{""text"":""Equipa movel (PSB)""}},""_row_num"":2},{""choice_list_name"":""imgtype"",""data_value"":""ST"",""display"":{""title"":{""text"":""STRAIN (ST)""}},""_row_num"":3},{""choice_list_name"":""imgtype"",""data_value"":""CSBCG"",""display"":{""title"":{""text"":""CS-BCG (CS)""}},""_row_num"":4},{""choice_list_name"":""imgtype"",""data_value"":""NO ID"",""display"":{""title"":{""text"":""Sem ID""}},""_row_num"":5},{""choice_list_name"":""imgtype"",""data_value"":""NOT CARD"",""display"":{""title"":{""text"":""Nem um cartão""}},""_row_num"":6},{""choice_list_name"":""imgtype"",""data_value"":""NO IMG"",""display"":{""title"":{""text"":""Sem imagem""}},""_row_num"":7}]"
Column,IMGTYPE202150013,displayChoicesList,object,"[{""choice_list_name"":""imgtype"",""data_value"":""PSB"",""display"":{""title"":{""text"":""Equipa movel (PSB)""}},""_row_num"":2},{""choice_list_name"":""imgtype"",""data_value"":""ST"",""display"":{""title"":{""text"":""STRAIN (ST)""}},""_row_num"":3},{""choice_list_name"":""imgtype"",""data_value"":""CSBCG"",""display"":{""title"":{""text"":""CS-BCG (CS)""}},""_row_num"":4},{""choice_list_name"":""imgtype"",""data_value"":""NO ID"",""display"":{""title"":{""text"":""Sem ID""}},""_row_num"":5},{""choice_list_name"":""imgtype"",""data_value"":""NOT CARD"",""display"":{""title"":{""text"":""Nem um cartão""}},""_row_num"":6},{""choice_list_name"":""imgtype"",""data_value"":""NO IMG"",""display"":{""title"":{""text"":""Sem imagem""}},""_row_num"":7}]"
Column,IMGTYPE202150031,displayChoicesList,object,"[{""choice_list_name"":""imgtype"",""data_value"":""PSB"",""display"":{""title"":{""text"":""Equipa movel (PSB)""}},""_row_num"":2},{""choice_list_name"":""imgtype"",""data_value"":""ST"",""display"":{""title"":{""text"":""STRAIN (ST)""}},""_row_num"":3},{""choice_list_name"":""imgtype"",""data_value"":""CSBCG"",""display"":{""title"":{""text"":""CS-BCG (CS)""}},""_row_num"":4},{""choice_list_name"":""imgtype"",""data_value"":""NO ID"",""display"":{""title"":{""text"":""Sem ID""}},""_row_num"":5},{""choice_list_name"":""imgtype"",""data_value"":""NOT CARD"",""display"":{""title"":{""text"":""Nem um cartão""}},""_row_num"":6},{""choice_list_name"":""imgtype"",""data_value"":""NO IMG"",""display"":{""title"":{""text"":""Sem imagem""}},""_row_num"":7}]"
Column,IMGTYPE202170011,displayChoicesList,object,"[{""choice_list_name"":""imgtype"",""data_value"":""PSB"",""display"":{""title"":{""text"":""Equipa movel (PSB)""}},""_row_num"":2},{""choice_list_name"":""imgtype"",""data_value"":""ST"",""display"":{""title"":{""text"":""STRAIN (ST)""}},""_row_num"":3},{""choice_list_name"":""imgtype"",""data_value"":""CSBCG"",""display"":{""title"":{""text"":""CS-BCG (CS)""}},""_row_num"":4},{""choice_list_name"":""imgtype"",""data_value"":""NO ID"",""display"":{""title"":{""text"":""Sem ID""}},""_row_num"":5},{""choice_list_name"":""imgtype"",""data_value"":""NOT CARD"",""display"":{""title"":{""text"":""Nem um cartão""}},""_row_num"":6},{""choice_list_name"":""imgtype"",""data_value"":""NO IMG"",""display"":{""title"":{""text"":""Sem imagem""}},""_row_num"":7}]"
Column,IMGTYPE202170012,displayChoicesList,object,"[{""choice_list_name"":""imgtype"",""data_value"":""PSB"",""display"":{""title"":{""text"":""Equipa movel (PSB)""}},""_row_num"":2},{""choice_list_name"":""imgtype"",""data_value"":""ST"",""display"":{""title"":{""text"":""STRAIN (ST)""}},""_row_num"":3},{""choice_list_name"":""imgtype"",""data_value"":""CSBCG"",""display"":{""title"":{""text"":""CS-BCG (CS)""}},""_row_num"":4},{""choice_list_name"":""imgtype"",""data_value"":""NO ID"",""display"":{""title"":{""text"":""Sem ID""}},""_row_num"":5},{""choice_list_name"":""imgtype"",""data_value"":""NOT CARD"",""display"":{""title"":{""text"":""Nem um cartão""}},""_row_num"":6},{""choice_list_name"":""imgtype"",""data_value"":""NO IMG"",""display"":{""title"":{""text"":""Sem imagem""}},""_row_num"":7}]"
Column,IMGTYPE202170021,displayChoicesList,object,"[{""choice_list_name"":""imgtype"",""data_value"":""PSB"",""display"":{""title"":{""text"":""Equipa movel (PSB)""}},""_row_num"":2},{""choice_list_name"":""imgtype"",""data_value"":""ST"",""display"":{""title"":{""text"":""STRAIN (ST)""}},""_row_num"":3},{""choice_list_name"":""imgtype"",""data_value"":""CSBCG"",""display"":{""title"":{""text"":""CS-BCG (CS)""}},""_row_num"":4},{""choice_list_name"":""imgtype"",""data_value"":""NO ID"",""display"":{""title"":{""text"":""Sem ID""}},""_row_num"":5},{""choice_list_name"":""imgtype"",""data_value"":""NOT CARD"",""display"":{""title"":{""text"":""Nem um cartão""}},""_row_num"":6},{""choice_list_name"":""imgtype"",""data_value"":""NO IMG"",""display"":{""title"":{""text"":""Sem imagem""}},""_row_num"":7}]"
Column,IMGTYPE202170031,displayChoicesList,object,"[{""choice_list_name"":""imgtype"",""data_value"":""PSB"",""display"":{""title"":{""text"":""Equipa movel (PSB)""}},""_row_num"":2},{""choice_list_name"":""imgtype"",""data_value"":""ST"",""display"":{""title"":{""text"":""STRAIN (ST)""}},""_row_num"":3},{""choice_list_name"":""imgtype"",""data_value"":""CSBCG"",""display"":{""title"":{""text"":""CS-BCG (CS)""}},""_row_num"":4},{""choice_list_name"":""imgtype"",""data_value"":""NO ID"",""display"":{""title"":{""text"":""Sem ID""}},""_row_num"":5},{""choice_list_name"":""imgtype"",""data_value"":""NOT CARD"",""display"":{""title"":{""text"":""Nem um cartão""}},""_row_num"":6},{""choice_list_name"":""imgtype"",""data_value"":""NO IMG"",""display"":{""title"":{""text"":""Sem imagem""}},""_row_num"":7}]"
Column,IMGTYPE202170041,displayChoicesList,object,"[{""choice_list_name"":""imgtype"",""data_value"":""PSB"",""display"":{""title"":{""text"":""Equipa movel (PSB)""}},""_row_num"":2},{""choice_list_name"":""imgtype"",""data_value"":""ST"",""display"":{""title"":{""text"":""STRAIN (ST)""}},""_row_num"":3},{""choice_list_name"":""imgtype"",""data_value"":""CSBCG"",""display"":{""title"":{""text"":""CS-BCG (CS)""}},""_row_num"":4},{""choice_list_name"":""imgtype"",""data_value"":""NO ID"",""display"":{""title"":{""text"":""Sem ID""}},""_row_num"":5},{""choice_list_name"":""imgtype"",""data_value"":""NOT CARD"",""display"":{""title"":{""text"":""Nem um cartão""}},""_row_num"":6},{""choice_list_name"":""imgtype"",""data_value"":""NO IMG"",""display"":{""title"":{""text"":""Sem imagem""}},""_row_num"":7}]"
Column,IMGTYPE202170051,displayChoicesList,object,"[{""choice_list_name"":""imgtype"",""data_value"":""PSB"",""display"":{""title"":{""text"":""Equipa movel (PSB)""}},""_row_num"":2},{""choice_list_name"":""imgtype"",""data_value"":""ST"",""display"":{""title"":{""text"":""STRAIN (ST)""}},""_row_num"":3},{""choice_list_name"":""imgtype"",""data_value"":""CSBCG"",""display"":{""title"":{""text"":""CS-BCG (CS)""}},""_row_num"":4},{""choice_list_name"":""imgtype"",""data_value"":""NO ID"",""display"":{""title"":{""text"":""Sem ID""}},""_row_num"":5},{""choice_list_name"":""imgtype"",""data_value"":""NOT CARD"",""display"":{""title"":{""text"":""Nem um cartão""}},""_row_num"":6},{""choice_list_name"":""imgtype"",""data_value"":""NO IMG"",""display"":{""title"":{""text"":""Sem imagem""}},""_row_num"":7}]"
Column,IMGTYPE202170061,displayChoicesList,object,"[{""choice_list_name"":""imgtype"",""data_value"":""PSB"",""display"":{""title"":{""text"":""Equipa movel (PSB)""}},""_row_num"":2},{""choice_list_name"":""imgtype"",""data_value"":""ST"",""display"":{""title"":{""text"":""STRAIN (ST)""}},""_row_num"":3},{""choice_list_name"":""imgtype"",""data_value"":""CSBCG"",""display"":{""title"":{""text"":""CS-BCG (CS)""}},""_row_num"":4},{""choice_list_name"":""imgtype"",""data_value"":""NO ID"",""display"":{""title"":{""text"":""Sem ID""}},""_row_num"":5},{""choice_list_name"":""imgtype"",""data_value"":""NOT CARD"",""display"":{""title"":{""text"":""Nem um cartão""}},""_row_num"":6},{""choice_list_name"":""imgtype"",""data_value"":""NO IMG"",""display"":{""title"":{""text"":""Sem imagem""}},""_row_num"":7}]"
Column,IMGTYPE203010041,displayChoicesList,object,"[{""choice_list_name"":""imgtype"",""data_value"":""PSB"",""display"":{""title"":{""text"":""Equipa movel (PSB)""}},""_row_num"":2},{""choice_list_name"":""imgtype"",""data_value"":""ST"",""display"":{""title"":{""text"":""STRAIN (ST)""}},""_row_num"":3},{""choice_list_name"":""imgtype"",""data_value"":""CSBCG"",""display"":{""title"":{""text"":""CS-BCG (CS)""}},""_row_num"":4},{""choice_list_name"":""imgtype"",""data_value"":""NO ID"",""display"":{""title"":{""text"":""Sem ID""}},""_row_num"":5},{""choice_list_name"":""imgtype"",""data_value"":""NOT CARD"",""display"":{""title"":{""text"":""Nem um cartão""}},""_row_num"":6},{""choice_list_name"":""imgtype"",""data_value"":""NO IMG"",""display"":{""title"":{""text"":""Sem imagem""}},""_row_num"":7}]"
Column,IMGTYPE203020021,displayChoicesList,object,"[{""choice_list_name"":""imgtype"",""data_value"":""PSB"",""display"":{""title"":{""text"":""Equipa movel (PSB)""}},""_row_num"":2},{""choice_list_name"":""imgtype"",""data_value"":""ST"",""display"":{""title"":{""text"":""STRAIN (ST)""}},""_row_num"":3},{""choice_list_name"":""imgtype"",""data_value"":""CSBCG"",""display"":{""title"":{""text"":""CS-BCG (CS)""}},""_row_num"":4},{""choice_list_name"":""imgtype"",""data_value"":""NO ID"",""display"":{""title"":{""text"":""Sem ID""}},""_row_num"":5},{""choice_list_name"":""imgtype"",""data_value"":""NOT CARD"",""display"":{""title"":{""text"":""Nem um cartão""}},""_row_num"":6},{""choice_list_name"":""imgtype"",""data_value"":""NO IMG"",""display"":{""title"":{""text"":""Sem imagem""}},""_row_num"":7}]"
Column,IMGTYPE203040091,displayChoicesList,object,"[{""choice_list_name"":""imgtype"",""data_value"":""PSB"",""display"":{""title"":{""text"":""Equipa movel (PSB)""}},""_row_num"":2},{""choice_list_name"":""imgtype"",""data_value"":""ST"",""display"":{""title"":{""text"":""STRAIN (ST)""}},""_row_num"":3},{""choice_list_name"":""imgtype"",""data_value"":""CSBCG"",""display"":{""title"":{""text"":""CS-BCG (CS)""}},""_row_num"":4},{""choice_list_name"":""imgtype"",""data_value"":""NO ID"",""display"":{""title"":{""text"":""Sem ID""}},""_row_num"":5},{""choice_list_name"":""imgtype"",""data_value"":""NOT CARD"",""display"":{""title"":{""text"":""Nem um cartão""}},""_row_num"":6},{""choice_list_name"":""imgtype"",""data_value"":""NO IMG"",""display"":{""title"":{""text"":""Sem imagem""}},""_row_num"":7}]"
Column,IMGTYPE203040191,displayChoicesList,object,"[{""choice_list_name"":""imgtype"",""data_value"":""PSB"",""display"":{""title"":{""text"":""Equipa movel (PSB)""}},""_row_num"":2},{""choice_list_name"":""imgtype"",""data_value"":""ST"",""display"":{""title"":{""text"":""STRAIN (ST)""}},""_row_num"":3},{""choice_list_name"":""imgtype"",""data_value"":""CSBCG"",""display"":{""title"":{""text"":""CS-BCG (CS)""}},""_row_num"":4},{""choice_list_name"":""imgtype"",""data_value"":""NO ID"",""display"":{""title"":{""text"":""Sem ID""}},""_row_num"":5},{""choice_list_name"":""imgtype"",""data_value"":""NOT CARD"",""display"":{""title"":{""text"":""Nem um cartão""}},""_row_num"":6},{""choice_list_name"":""imgtype"",""data_value"":""NO IMG"",""display"":{""title"":{""text"":""Sem imagem""}},""_row_num"":7}]"
Column,IMGTYPE203040231,displayChoicesList,object,"[{""choice_list_name"":""imgtype"",""data_value"":""PSB"",""display"":{""title"":{""text"":""Equipa movel (PSB)""}},""_row_num"":2},{""choice_list_name"":""imgtype"",""data_value"":""ST"",""display"":{""title"":{""text"":""STRAIN (ST)""}},""_row_num"":3},{""choice_list_name"":""imgtype"",""data_value"":""CSBCG"",""display"":{""title"":{""text"":""CS-BCG (CS)""}},""_row_num"":4},{""choice_list_name"":""imgtype"",""data_value"":""NO ID"",""display"":{""title"":{""text"":""Sem ID""}},""_row_num"":5},{""choice_list_name"":""imgtype"",""data_value"":""NOT CARD"",""display"":{""title"":{""text"":""Nem um cartão""}},""_row_num"":6},{""choice_list_name"":""imgtype"",""data_value"":""NO IMG"",""display"":{""title"":{""text"":""Sem imagem""}},""_row_num"":7}]"
Column,IMGTYPE203050091,displayChoicesList,object,"[{""choice_list_name"":""imgtype"",""data_value"":""PSB"",""display"":{""title"":{""text"":""Equipa movel (PSB)""}},""_row_num"":2},{""choice_list_name"":""imgtype"",""data_value"":""ST"",""display"":{""title"":{""text"":""STRAIN (ST)""}},""_row_num"":3},{""choice_list_name"":""imgtype"",""data_value"":""CSBCG"",""display"":{""title"":{""text"":""CS-BCG (CS)""}},""_row_num"":4},{""choice_list_name"":""imgtype"",""data_value"":""NO ID"",""display"":{""title"":{""text"":""Sem ID""}},""_row_num"":5},{""choice_list_name"":""imgtype"",""data_value"":""NOT CARD"",""display"":{""title"":{""text"":""Nem um cartão""}},""_row_num"":6},{""choice_list_name"":""imgtype"",""data_value"":""NO IMG"",""display"":{""title"":{""text"":""Sem imagem""}},""_row_num"":7}]"
Column,IMGTYPE204030051,displayChoicesList,object,"[{""choice_list_name"":""imgtype"",""data_value"":""PSB"",""display"":{""title"":{""text"":""Equipa movel (PSB)""}},""_row_num"":2},{""choice_list_name"":""imgtype"",""data_value"":""ST"",""display"":{""title"":{""text"":""STRAIN (ST)""}},""_row_num"":3},{""choice_list_name"":""imgtype"",""data_value"":""CSBCG"",""display"":{""title"":{""text"":""CS-BCG (CS)""}},""_row_num"":4},{""choice_list_name"":""imgtype"",""data_value"":""NO ID"",""display"":{""title"":{""text"":""Sem ID""}},""_row_num"":5},{""choice_list_name"":""imgtype"",""data_value"":""NOT CARD"",""display"":{""title"":{""text"":""Nem um cartão""}},""_row_num"":6},{""choice_list_name"":""imgtype"",""data_value"":""NO IMG"",""display"":{""title"":{""text"":""Sem imagem""}},""_row_num"":7}]"
Column,IMGTYPE204030161,displayChoicesList,object,"[{""choice_list_name"":""imgtype"",""data_value"":""PSB"",""display"":{""title"":{""text"":""Equipa movel (PSB)""}},""_row_num"":2},{""choice_list_name"":""imgtype"",""data_value"":""ST"",""display"":{""title"":{""text"":""STRAIN (ST)""}},""_row_num"":3},{""choice_list_name"":""imgtype"",""data_value"":""CSBCG"",""display"":{""title"":{""text"":""CS-BCG (CS)""}},""_row_num"":4},{""choice_list_name"":""imgtype"",""data_value"":""NO ID"",""display"":{""title"":{""text"":""Sem ID""}},""_row_num"":5},{""choice_list_name"":""imgtype"",""data_value"":""NOT CARD"",""display"":{""title"":{""text"":""Nem um cartão""}},""_row_num"":6},{""choice_list_name"":""imgtype"",""data_value"":""NO IMG"",""display"":{""title"":{""text"":""Sem imagem""}},""_row_num"":7}]"
Column,IMGTYPE204040011,displayChoicesList,object,"[{""choice_list_name"":""imgtype"",""data_value"":""PSB"",""display"":{""title"":{""text"":""Equipa movel (PSB)""}},""_row_num"":2},{""choice_list_name"":""imgtype"",""data_value"":""ST"",""display"":{""title"":{""text"":""STRAIN (ST)""}},""_row_num"":3},{""choice_list_name"":""imgtype"",""data_value"":""CSBCG"",""display"":{""title"":{""text"":""CS-BCG (CS)""}},""_row_num"":4},{""choice_list_name"":""imgtype"",""data_value"":""NO ID"",""display"":{""title"":{""text"":""Sem ID""}},""_row_num"":5},{""choice_list_name"":""imgtype"",""data_value"":""NOT CARD"",""display"":{""title"":{""text"":""Nem um cartão""}},""_row_num"":6},{""choice_list_name"":""imgtype"",""data_value"":""NO IMG"",""display"":{""title"":{""text"":""Sem imagem""}},""_row_num"":7}]"
Column,IMGTYPE204040041,displayChoicesList,object,"[{""choice_list_name"":""imgtype"",""data_value"":""PSB"",""display"":{""title"":{""text"":""Equipa movel (PSB)""}},""_row_num"":2},{""choice_list_name"":""imgtype"",""data_value"":""ST"",""display"":{""title"":{""text"":""STRAIN (ST)""}},""_row_num"":3},{""choice_list_name"":""imgtype"",""data_value"":""CSBCG"",""display"":{""title"":{""text"":""CS-BCG (CS)""}},""_row_num"":4},{""choice_list_name"":""imgtype"",""data_value"":""NO ID"",""display"":{""title"":{""text"":""Sem ID""}},""_row_num"":5},{""choice_list_name"":""imgtype"",""data_value"":""NOT CARD"",""display"":{""title"":{""text"":""Nem um cartão""}},""_row_num"":6},{""choice_list_name"":""imgtype"",""data_value"":""NO IMG"",""display"":{""title"":{""text"":""Sem imagem""}},""_row_num"":7}]"
Column,IMGTYPE204070021,displayChoicesList,object,"[{""choice_list_name"":""imgtype"",""data_value"":""PSB"",""display"":{""title"":{""text"":""Equipa movel (PSB)""}},""_row_num"":2},{""choice_list_name"":""imgtype"",""data_value"":""ST"",""display"":{""title"":{""text"":""STRAIN (ST)""}},""_row_num"":3},{""choice_list_name"":""imgtype"",""data_value"":""CSBCG"",""display"":{""title"":{""text"":""CS-BCG (CS)""}},""_row_num"":4},{""choice_list_name"":""imgtype"",""data_value"":""NO ID"",""display"":{""title"":{""text"":""Sem ID""}},""_row_num"":5},{""choice_list_name"":""imgtype"",""data_value"":""NOT CARD"",""display"":{""title"":{""text"":""Nem um cartão""}},""_row_num"":6},{""choice_list_name"":""imgtype"",""data_value"":""NO IMG"",""display"":{""title"":{""text"":""Sem imagem""}},""_row_num"":7}]"
Column,IMGTYPE204130011,displayChoicesList,object,"[{""choice_list_name"":""imgtype"",""data_value"":""PSB"",""display"":{""title"":{""text"":""Equipa movel (PSB)""}},""_row_num"":2},{""choice_list_name"":""imgtype"",""data_value"":""ST"",""display"":{""title"":{""text"":""STRAIN (ST)""}},""_row_num"":3},{""choice_list_name"":""imgtype"",""data_value"":""CSBCG"",""display"":{""title"":{""text"":""CS-BCG (CS)""}},""_row_num"":4},{""choice_list_name"":""imgtype"",""data_value"":""NO ID"",""display"":{""title"":{""text"":""Sem ID""}},""_row_num"":5},{""choice_list_name"":""imgtype"",""data_value"":""NOT CARD"",""display"":{""title"":{""text"":""Nem um cartão""}},""_row_num"":6},{""choice_list_name"":""imgtype"",""data_value"":""NO IMG"",""display"":{""title"":{""text"":""Sem imagem""}},""_row_num"":7}]"
Column,IMGTYPE204150091,displayChoicesList,object,"[{""choice_list_name"":""imgtype"",""data_value"":""PSB"",""display"":{""title"":{""text"":""Equipa movel (PSB)""}},""_row_num"":2},{""choice_list_name"":""imgtype"",""data_value"":""ST"",""display"":{""title"":{""text"":""STRAIN (ST)""}},""_row_num"":3},{""choice_list_name"":""imgtype"",""data_value"":""CSBCG"",""display"":{""title"":{""text"":""CS-BCG (CS)""}},""_row_num"":4},{""choice_list_name"":""imgtype"",""data_value"":""NO ID"",""display"":{""title"":{""text"":""Sem ID""}},""_row_num"":5},{""choice_list_name"":""imgtype"",""data_value"":""NOT CARD"",""display"":{""title"":{""text"":""Nem um cartão""}},""_row_num"":6},{""choice_list_name"":""imgtype"",""data_value"":""NO IMG"",""display"":{""title"":{""text"":""Sem imagem""}},""_row_num"":7}]"
Column,IMGTYPE204170011,displayChoicesList,object,"[{""choice_list_name"":""imgtype"",""data_value"":""PSB"",""display"":{""title"":{""text"":""Equipa movel (PSB)""}},""_row_num"":2},{""choice_list_name"":""imgtype"",""data_value"":""ST"",""display"":{""title"":{""text"":""STRAIN (ST)""}},""_row_num"":3},{""choice_list_name"":""imgtype"",""data_value"":""CSBCG"",""display"":{""title"":{""text"":""CS-BCG (CS)""}},""_row_num"":4},{""choice_list_name"":""imgtype"",""data_value"":""NO ID"",""display"":{""title"":{""text"":""Sem ID""}},""_row_num"":5},{""choice_list_name"":""imgtype"",""data_value"":""NOT CARD"",""display"":{""title"":{""text"":""Nem um cartão""}},""_row_num"":6},{""choice_list_name"":""imgtype"",""data_value"":""NO IMG"",""display"":{""title"":{""text"":""Sem imagem""}},""_row_num"":7}]"
Column,IMGTYPE204200011,displayChoicesList,object,"[{""choice_list_name"":""imgtype"",""data_value"":""PSB"",""display"":{""title"":{""text"":""Equipa movel (PSB)""}},""_row_num"":2},{""choice_list_name"":""imgtype"",""data_value"":""ST"",""display"":{""title"":{""text"":""STRAIN (ST)""}},""_row_num"":3},{""choice_list_name"":""imgtype"",""data_value"":""CSBCG"",""display"":{""title"":{""text"":""CS-BCG (CS)""}},""_row_num"":4},{""choice_list_name"":""imgtype"",""data_value"":""NO ID"",""display"":{""title"":{""text"":""Sem ID""}},""_row_num"":5},{""choice_list_name"":""imgtype"",""data_value"":""NOT CARD"",""display"":{""title"":{""text"":""Nem um cartão""}},""_row_num"":6},{""choice_list_name"":""imgtype"",""data_value"":""NO IMG"",""display"":{""title"":{""text"":""Sem imagem""}},""_row_num"":7}]"
Column,IMGTYPE204200021,displayChoicesList,object,"[{""choice_list_name"":""imgtype"",""data_value"":""PSB"",""display"":{""title"":{""text"":""Equipa movel (PSB)""}},""_row_num"":2},{""choice_list_name"":""imgtype"",""data_value"":""ST"",""display"":{""title"":{""text"":""STRAIN (ST)""}},""_row_num"":3},{""choice_list_name"":""imgtype"",""data_value"":""CSBCG"",""display"":{""title"":{""text"":""CS-BCG (CS)""}},""_row_num"":4},{""choice_list_name"":""imgtype"",""data_value"":""NO ID"",""display"":{""title"":{""text"":""Sem ID""}},""_row_num"":5},{""choice_list_name"":""imgtype"",""data_value"":""NOT CARD"",""display"":{""title"":{""text"":""Nem um cartão""}},""_row_num"":6},{""choice_list_name"":""imgtype"",""data_value"":""NO IMG"",""display"":{""title"":{""text"":""Sem imagem""}},""_row_num"":7}]"
Column,IMGTYPE204200051,displayChoicesList,object,"[{""choice_list_name"":""imgtype"",""data_value"":""PSB"",""display"":{""title"":{""text"":""Equipa movel (PSB)""}},""_row_num"":2},{""choice_list_name"":""imgtype"",""data_value"":""ST"",""display"":{""title"":{""text"":""STRAIN (ST)""}},""_row_num"":3},{""choice_list_name"":""imgtype"",""data_value"":""CSBCG"",""display"":{""title"":{""text"":""CS-BCG (CS)""}},""_row_num"":4},{""choice_list_name"":""imgtype"",""data_value"":""NO ID"",""display"":{""title"":{""text"":""Sem ID""}},""_row_num"":5},{""choice_list_name"":""imgtype"",""data_value"":""NOT CARD"",""display"":{""title"":{""text"":""Nem um cartão""}},""_row_num"":6},{""choice_list_name"":""imgtype"",""data_value"":""NO IMG"",""display"":{""title"":{""text"":""Sem imagem""}},""_row_num"":7}]"
Column,IMGTYPE204200091,displayChoicesList,object,"[{""choice_list_name"":""imgtype"",""data_value"":""PSB"",""display"":{""title"":{""text"":""Equipa movel (PSB)""}},""_row_num"":2},{""choice_list_name"":""imgtype"",""data_value"":""ST"",""display"":{""title"":{""text"":""STRAIN (ST)""}},""_row_num"":3},{""choice_list_name"":""imgtype"",""data_value"":""CSBCG"",""display"":{""title"":{""text"":""CS-BCG (CS)""}},""_row_num"":4},{""choice_list_name"":""imgtype"",""data_value"":""NO ID"",""display"":{""title"":{""text"":""Sem ID""}},""_row_num"":5},{""choice_list_name"":""imgtype"",""data_value"":""NOT CARD"",""display"":{""title"":{""text"":""Nem um cartão""}},""_row_num"":6},{""choice_list_name"":""imgtype"",""data_value"":""NO IMG"",""display"":{""title"":{""text"":""Sem imagem""}},""_row_num"":7}]"
Column,IMGTYPE206040101,displayChoicesList,object,"[{""choice_list_name"":""imgtype"",""data_value"":""PSB"",""display"":{""title"":{""text"":""Equipa movel (PSB)""}},""_row_num"":2},{""choice_list_name"":""imgtype"",""data_value"":""ST"",""display"":{""title"":{""text"":""STRAIN (ST)""}},""_row_num"":3},{""choice_list_name"":""imgtype"",""data_value"":""CSBCG"",""display"":{""title"":{""text"":""CS-BCG (CS)""}},""_row_num"":4},{""choice_list_name"":""imgtype"",""data_value"":""NO ID"",""display"":{""title"":{""text"":""Sem ID""}},""_row_num"":5},{""choice_list_name"":""imgtype"",""data_value"":""NOT CARD"",""display"":{""title"":{""text"":""Nem um cartão""}},""_row_num"":6},{""choice_list_name"":""imgtype"",""data_value"":""NO IMG"",""display"":{""title"":{""text"":""Sem imagem""}},""_row_num"":7}]"
Column,IMGTYPE206050021,displayChoicesList,object,"[{""choice_list_name"":""imgtype"",""data_value"":""PSB"",""display"":{""title"":{""text"":""Equipa movel (PSB)""}},""_row_num"":2},{""choice_list_name"":""imgtype"",""data_value"":""ST"",""display"":{""title"":{""text"":""STRAIN (ST)""}},""_row_num"":3},{""choice_list_name"":""imgtype"",""data_value"":""CSBCG"",""display"":{""title"":{""text"":""CS-BCG (CS)""}},""_row_num"":4},{""choice_list_name"":""imgtype"",""data_value"":""NO ID"",""display"":{""title"":{""text"":""Sem ID""}},""_row_num"":5},{""choice_list_name"":""imgtype"",""data_value"":""NOT CARD"",""display"":{""title"":{""text"":""Nem um cartão""}},""_row_num"":6},{""choice_list_name"":""imgtype"",""data_value"":""NO IMG"",""display"":{""title"":{""text"":""Sem imagem""}},""_row_num"":7}]"
Column,IMGTYPE206050031,displayChoicesList,object,"[{""choice_list_name"":""imgtype"",""data_value"":""PSB"",""display"":{""title"":{""text"":""Equipa movel (PSB)""}},""_row_num"":2},{""choice_list_name"":""imgtype"",""data_value"":""ST"",""display"":{""title"":{""text"":""STRAIN (ST)""}},""_row_num"":3},{""choice_list_name"":""imgtype"",""data_value"":""CSBCG"",""display"":{""title"":{""text"":""CS-BCG (CS)""}},""_row_num"":4},{""choice_list_name"":""imgtype"",""data_value"":""NO ID"",""display"":{""title"":{""text"":""Sem ID""}},""_row_num"":5},{""choice_list_name"":""imgtype"",""data_value"":""NOT CARD"",""display"":{""title"":{""text"":""Nem um cartão""}},""_row_num"":6},{""choice_list_name"":""imgtype"",""data_value"":""NO IMG"",""display"":{""title"":{""text"":""Sem imagem""}},""_row_num"":7}]"
Column,IMGTYPE206050041,displayChoicesList,object,"[{""choice_list_name"":""imgtype"",""data_value"":""PSB"",""display"":{""title"":{""text"":""Equipa movel (PSB)""}},""_row_num"":2},{""choice_list_name"":""imgtype"",""data_value"":""ST"",""display"":{""title"":{""text"":""STRAIN (ST)""}},""_row_num"":3},{""choice_list_name"":""imgtype"",""data_value"":""CSBCG"",""display"":{""title"":{""text"":""CS-BCG (CS)""}},""_row_num"":4},{""choice_list_name"":""imgtype"",""data_value"":""NO ID"",""display"":{""title"":{""text"":""Sem ID""}},""_row_num"":5},{""choice_list_name"":""imgtype"",""data_value"":""NOT CARD"",""display"":{""title"":{""text"":""Nem um cartão""}},""_row_num"":6},{""choice_list_name"":""imgtype"",""data_value"":""NO IMG"",""display"":{""title"":{""text"":""Sem imagem""}},""_row_num"":7}]"
Column,IMGTYPE206050081,displayChoicesList,object,"[{""choice_list_name"":""imgtype"",""data_value"":""PSB"",""display"":{""title"":{""text"":""Equipa movel (PSB)""}},""_row_num"":2},{""choice_list_name"":""imgtype"",""data_value"":""ST"",""display"":{""title"":{""text"":""STRAIN (ST)""}},""_row_num"":3},{""choice_list_name"":""imgtype"",""data_value"":""CSBCG"",""display"":{""title"":{""text"":""CS-BCG (CS)""}},""_row_num"":4},{""choice_list_name"":""imgtype"",""data_value"":""NO ID"",""display"":{""title"":{""text"":""Sem ID""}},""_row_num"":5},{""choice_list_name"":""imgtype"",""data_value"":""NOT CARD"",""display"":{""title"":{""text"":""Nem um cartão""}},""_row_num"":6},{""choice_list_name"":""imgtype"",""data_value"":""NO IMG"",""display"":{""title"":{""text"":""Sem imagem""}},""_row_num"":7}]"
Column,IMGTYPE206080051,displayChoicesList,object,"[{""choice_list_name"":""imgtype"",""data_value"":""PSB"",""display"":{""title"":{""text"":""Equipa movel (PSB)""}},""_row_num"":2},{""choice_list_name"":""imgtype"",""data_value"":""ST"",""display"":{""title"":{""text"":""STRAIN (ST)""}},""_row_num"":3},{""choice_list_name"":""imgtype"",""data_value"":""CSBCG"",""display"":{""title"":{""text"":""CS-BCG (CS)""}},""_row_num"":4},{""choice_list_name"":""imgtype"",""data_value"":""NO ID"",""display"":{""title"":{""text"":""Sem ID""}},""_row_num"":5},{""choice_list_name"":""imgtype"",""data_value"":""NOT CARD"",""display"":{""title"":{""text"":""Nem um cartão""}},""_row_num"":6},{""choice_list_name"":""imgtype"",""data_value"":""NO IMG"",""display"":{""title"":{""text"":""Sem imagem""}},""_row_num"":7}]"
Column,IMGTYPE206080052,displayChoicesList,object,"[{""choice_list_name"":""imgtype"",""data_value"":""PSB"",""display"":{""title"":{""text"":""Equipa movel (PSB)""}},""_row_num"":2},{""choice_list_name"":""imgtype"",""data_value"":""ST"",""display"":{""title"":{""text"":""STRAIN (ST)""}},""_row_num"":3},{""choice_list_name"":""imgtype"",""data_value"":""CSBCG"",""display"":{""title"":{""text"":""CS-BCG (CS)""}},""_row_num"":4},{""choice_list_name"":""imgtype"",""data_value"":""NO ID"",""display"":{""title"":{""text"":""Sem ID""}},""_row_num"":5},{""choice_list_name"":""imgtype"",""data_value"":""NOT CARD"",""display"":{""title"":{""text"":""Nem um cartão""}},""_row_num"":6},{""choice_list_name"":""imgtype"",""data_value"":""NO IMG"",""display"":{""title"":{""text"":""Sem imagem""}},""_row_num"":7}]"
Column,IMGTYPE206270141,displayChoicesList,object,"[{""choice_list_name"":""imgtype"",""data_value"":""PSB"",""display"":{""title"":{""text"":""Equipa movel (PSB)""}},""_row_num"":2},{""choice_list_name"":""imgtype"",""data_value"":""ST"",""display"":{""title"":{""text"":""STRAIN (ST)""}},""_row_num"":3},{""choice_list_name"":""imgtype"",""data_value"":""CSBCG"",""display"":{""title"":{""text"":""CS-BCG (CS)""}},""_row_num"":4},{""choice_list_name"":""imgtype"",""data_value"":""NO ID"",""display"":{""title"":{""text"":""Sem ID""}},""_row_num"":5},{""choice_list_name"":""imgtype"",""data_value"":""NOT CARD"",""display"":{""title"":{""text"":""Nem um cartão""}},""_row_num"":6},{""choice_list_name"":""imgtype"",""data_value"":""NO IMG"",""display"":{""title"":{""text"":""Sem imagem""}},""_row_num"":7}]"
Column,IMGTYPE207020121,displayChoicesList,object,"[{""choice_list_name"":""imgtype"",""data_value"":""PSB"",""display"":{""title"":{""text"":""Equipa movel (PSB)""}},""_row_num"":2},{""choice_list_name"":""imgtype"",""data_value"":""ST"",""display"":{""title"":{""text"":""STRAIN (ST)""}},""_row_num"":3},{""choice_list_name"":""imgtype"",""data_value"":""CSBCG"",""display"":{""title"":{""text"":""CS-BCG (CS)""}},""_row_num"":4},{""choice_list_name"":""imgtype"",""data_value"":""NO ID"",""display"":{""title"":{""text"":""Sem ID""}},""_row_num"":5},{""choice_list_name"":""imgtype"",""data_value"":""NOT CARD"",""display"":{""title"":{""text"":""Nem um cartão""}},""_row_num"":6},{""choice_list_name"":""imgtype"",""data_value"":""NO IMG"",""display"":{""title"":{""text"":""Sem imagem""}},""_row_num"":7}]"
Column,IMGTYPE207020321,displayChoicesList,object,"[{""choice_list_name"":""imgtype"",""data_value"":""PSB"",""display"":{""title"":{""text"":""Equipa movel (PSB)""}},""_row_num"":2},{""choice_list_name"":""imgtype"",""data_value"":""ST"",""display"":{""title"":{""text"":""STRAIN (ST)""}},""_row_num"":3},{""choice_list_name"":""imgtype"",""data_value"":""CSBCG"",""display"":{""title"":{""text"":""CS-BCG (CS)""}},""_row_num"":4},{""choice_list_name"":""imgtype"",""data_value"":""NO ID"",""display"":{""title"":{""text"":""Sem ID""}},""_row_num"":5},{""choice_list_name"":""imgtype"",""data_value"":""NOT CARD"",""display"":{""title"":{""text"":""Nem um cartão""}},""_row_num"":6},{""choice_list_name"":""imgtype"",""data_value"":""NO IMG"",""display"":{""title"":{""text"":""Sem imagem""}},""_row_num"":7}]"
Column,IMGTYPE207070031,displayChoicesList,object,"[{""choice_list_name"":""imgtype"",""data_value"":""PSB"",""display"":{""title"":{""text"":""Equipa movel (PSB)""}},""_row_num"":2},{""choice_list_name"":""imgtype"",""data_value"":""ST"",""display"":{""title"":{""text"":""STRAIN (ST)""}},""_row_num"":3},{""choice_list_name"":""imgtype"",""data_value"":""CSBCG"",""display"":{""title"":{""text"":""CS-BCG (CS)""}},""_row_num"":4},{""choice_list_name"":""imgtype"",""data_value"":""NO ID"",""display"":{""title"":{""text"":""Sem ID""}},""_row_num"":5},{""choice_list_name"":""imgtype"",""data_value"":""NOT CARD"",""display"":{""title"":{""text"":""Nem um cartão""}},""_row_num"":6},{""choice_list_name"":""imgtype"",""data_value"":""NO IMG"",""display"":{""title"":{""text"":""Sem imagem""}},""_row_num"":7}]"
Column,IMGTYPE208030031,displayChoicesList,object,"[{""choice_list_name"":""imgtype"",""data_value"":""PSB"",""display"":{""title"":{""text"":""Equipa movel (PSB)""}},""_row_num"":2},{""choice_list_name"":""imgtype"",""data_value"":""ST"",""display"":{""title"":{""text"":""STRAIN (ST)""}},""_row_num"":3},{""choice_list_name"":""imgtype"",""data_value"":""CSBCG"",""display"":{""title"":{""text"":""CS-BCG (CS)""}},""_row_num"":4},{""choice_list_name"":""imgtype"",""data_value"":""NO ID"",""display"":{""title"":{""text"":""Sem ID""}},""_row_num"":5},{""choice_list_name"":""imgtype"",""data_value"":""NOT CARD"",""display"":{""title"":{""text"":""Nem um cartão""}},""_row_num"":6},{""choice_list_name"":""imgtype"",""data_value"":""NO IMG"",""display"":{""title"":{""text"":""Sem imagem""}},""_row_num"":7}]"
Column,IMGTYPE208030081,displayChoicesList,object,"[{""choice_list_name"":""imgtype"",""data_value"":""PSB"",""display"":{""title"":{""text"":""Equipa movel (PSB)""}},""_row_num"":2},{""choice_list_name"":""imgtype"",""data_value"":""ST"",""display"":{""title"":{""text"":""STRAIN (ST)""}},""_row_num"":3},{""choice_list_name"":""imgtype"",""data_value"":""CSBCG"",""display"":{""title"":{""text"":""CS-BCG (CS)""}},""_row_num"":4},{""choice_list_name"":""imgtype"",""data_value"":""NO ID"",""display"":{""title"":{""text"":""Sem ID""}},""_row_num"":5},{""choice_list_name"":""imgtype"",""data_value"":""NOT CARD"",""display"":{""title"":{""text"":""Nem um cartão""}},""_row_num"":6},{""choice_list_name"":""imgtype"",""data_value"":""NO IMG"",""display"":{""title"":{""text"":""Sem imagem""}},""_row_num"":7}]"
Column,IMGTYPE208030121,displayChoicesList,object,"[{""choice_list_name"":""imgtype"",""data_value"":""PSB"",""display"":{""title"":{""text"":""Equipa movel (PSB)""}},""_row_num"":2},{""choice_list_name"":""imgtype"",""data_value"":""ST"",""display"":{""title"":{""text"":""STRAIN (ST)""}},""_row_num"":3},{""choice_list_name"":""imgtype"",""data_value"":""CSBCG"",""display"":{""title"":{""text"":""CS-BCG (CS)""}},""_row_num"":4},{""choice_list_name"":""imgtype"",""data_value"":""NO ID"",""display"":{""title"":{""text"":""Sem ID""}},""_row_num"":5},{""choice_list_name"":""imgtype"",""data_value"":""NOT CARD"",""display"":{""title"":{""text"":""Nem um cartão""}},""_row_num"":6},{""choice_list_name"":""imgtype"",""data_value"":""NO IMG"",""display"":{""title"":{""text"":""Sem imagem""}},""_row_num"":7}]"
Column,IMGTYPE208040041,displayChoicesList,object,"[{""choice_list_name"":""imgtype"",""data_value"":""PSB"",""display"":{""title"":{""text"":""Equipa movel (PSB)""}},""_row_num"":2},{""choice_list_name"":""imgtype"",""data_value"":""ST"",""display"":{""title"":{""text"":""STRAIN (ST)""}},""_row_num"":3},{""choice_list_name"":""imgtype"",""data_value"":""CSBCG"",""display"":{""title"":{""text"":""CS-BCG (CS)""}},""_row_num"":4},{""choice_list_name"":""imgtype"",""data_value"":""NO ID"",""display"":{""title"":{""text"":""Sem ID""}},""_row_num"":5},{""choice_list_name"":""imgtype"",""data_value"":""NOT CARD"",""display"":{""title"":{""text"":""Nem um cartão""}},""_row_num"":6},{""choice_list_name"":""imgtype"",""data_value"":""NO IMG"",""display"":{""title"":{""text"":""Sem imagem""}},""_row_num"":7}]"
Column,IMGTYPE208060031,displayChoicesList,object,"[{""choice_list_name"":""imgtype"",""data_value"":""PSB"",""display"":{""title"":{""text"":""Equipa movel (PSB)""}},""_row_num"":2},{""choice_list_name"":""imgtype"",""data_value"":""ST"",""display"":{""title"":{""text"":""STRAIN (ST)""}},""_row_num"":3},{""choice_list_name"":""imgtype"",""data_value"":""CSBCG"",""display"":{""title"":{""text"":""CS-BCG (CS)""}},""_row_num"":4},{""choice_list_name"":""imgtype"",""data_value"":""NO ID"",""display"":{""title"":{""text"":""Sem ID""}},""_row_num"":5},{""choice_list_name"":""imgtype"",""data_value"":""NOT CARD"",""display"":{""title"":{""text"":""Nem um cartão""}},""_row_num"":6},{""choice_list_name"":""imgtype"",""data_value"":""NO IMG"",""display"":{""title"":{""text"":""Sem imagem""}},""_row_num"":7}]"
Column,IMGTYPE208170071,displayChoicesList,object,"[{""choice_list_name"":""imgtype"",""data_value"":""PSB"",""display"":{""title"":{""text"":""Equipa movel (PSB)""}},""_row_num"":2},{""choice_list_name"":""imgtype"",""data_value"":""ST"",""display"":{""title"":{""text"":""STRAIN (ST)""}},""_row_num"":3},{""choice_list_name"":""imgtype"",""data_value"":""CSBCG"",""display"":{""title"":{""text"":""CS-BCG (CS)""}},""_row_num"":4},{""choice_list_name"":""imgtype"",""data_value"":""NO ID"",""display"":{""title"":{""text"":""Sem ID""}},""_row_num"":5},{""choice_list_name"":""imgtype"",""data_value"":""NOT CARD"",""display"":{""title"":{""text"":""Nem um cartão""}},""_row_num"":6},{""choice_list_name"":""imgtype"",""data_value"":""NO IMG"",""display"":{""title"":{""text"":""Sem imagem""}},""_row_num"":7}]"
Column,IMGTYPE208170201,displayChoicesList,object,"[{""choice_list_name"":""imgtype"",""data_value"":""PSB"",""display"":{""title"":{""text"":""Equipa movel (PSB)""}},""_row_num"":2},{""choice_list_name"":""imgtype"",""data_value"":""ST"",""display"":{""title"":{""text"":""STRAIN (ST)""}},""_row_num"":3},{""choice_list_name"":""imgtype"",""data_value"":""CSBCG"",""display"":{""title"":{""text"":""CS-BCG (CS)""}},""_row_num"":4},{""choice_list_name"":""imgtype"",""data_value"":""NO ID"",""display"":{""title"":{""text"":""Sem ID""}},""_row_num"":5},{""choice_list_name"":""imgtype"",""data_value"":""NOT CARD"",""display"":{""title"":{""text"":""Nem um cartão""}},""_row_num"":6},{""choice_list_name"":""imgtype"",""data_value"":""NO IMG"",""display"":{""title"":{""text"":""Sem imagem""}},""_row_num"":7}]"
FormType,default,FormType.formType,string,SURVEY
SurveyUtil,default,SurveyUtil.formId,string,IDMATCH
Table,default,defaultViewType,string,SPREADSHEET
Table,default,displayName,object,"{""text"":{""english"":""ID"",""default"":""ID""}}"
